" The customer does not exist in the system anymore."," O cliente não existe mais no sistema."
" [deleted]"," [deleted]"
" and "," e "
"%s (Default Template from Locale)","%s (Padrão modelo de localidade)"
"%s cache type(s) disabled.","%s cache tipo (s) desativado."
"%s cache type(s) enabled.","%s cache tipo (s) habilitado."
"%s cache type(s) refreshed.","%s cache atualizado tipo (s)."
"(For Type ""Local Server"" need to use relative path to Magento install var/export or var/import, e.g. var/export, var/import, var/export/some/dir, var/import/some/dir)","(Para o tipo de ""Local Server"" precisa usar caminho relativo para Magento instalar var/exportação ou importação/var, por exemplo, var/exportação importação/var, var/exportação/alguns/dir, var/importação/alguns/dir)"
"(For US 2-letter state names)","(Para nomes de 2-carta de estado dos EUA)"
"(If left empty will be auto-generated)","(Se deixado em branco será gerado automaticamente)"
"(Leave empty for first spreadsheet)","(Deixe em branco para a primeira planilha)"
"(Products will be added/updated to this store if 'store' column is blank or missing in the import file.)","(Produtos será adicionado/atualizado para esta loja se 'loja' coluna estiver em branco ou faltando no arquivo de importação.)"
"(Shift-)Click or drag to change value","(Shift-)Clique ou arraste para alterar o valor"
"(Starting with)","(Começando com)"
"(When 'No', only mapped fields will be imported. When mapping, use 'column1', 'column2', etc.)","(Quando não, apenas os campos mapeados serão importados. Quando o mapeamento, use 'column1', 'Coluna2', etc.)"
"(You have to increase php memory_limit before changing this value)","(Você tem que aumentar o php memory_limit antes de alterar esse valor)"
"(\\t for tab)","(\\t para guia)"
"* - If indexing is in progress, it will be killed and new indexing process will start.","* - Se indexação está em andamento, ele será morto e indexação novo processo vai começar."
"* Required Fields","* Os campos obrigatórios"
"- Click on any of the time parts to increase it","-Clique em qualquer uma das partes vez de aumentá-la"
"- Hold mouse button on any of the above buttons for faster selection.","-Segure o botão do mouse sobre qualquer um dos botões acima para a seleção mais rápido."
"- Use the %s buttons to select month","-Usar o %s botões para selecionar o mês"
"- Use the %s, %s buttons to select year","-Usar o %s, %s botões para selecionar o ano"
"- or Shift-click to decrease it","- ou Shift-clique para diminuí-la"
"- or click and drag for faster selection.","- ou clique e arraste para a seleção mais rápida."
"-- Not Selected --","-Não selecionado..."
"-- Please Select --","Por favor selecione..."
"-- Please Select Billing Agreement--","Por favor selecione faturamento acordo..."
"-- Please Select a Category --","-Por favor, selecione uma categoria-"
"-- Please select --","Por favor selecione..."
"--Please Select--","-- Por favor selecione..."
"1 Hour","1 Hora"
"12 Hours","12 Horas"
"12h AM/PM","12h AM/PM"
"2 Hours","2 Horas"
"24 Hours","24 Horas"
24h,24h
2YTD,2YTD
"6 Hours","6 Horas"
"<h1 class=""page-heading"">404 Error</h1><p>Page not found.</p>","<h1 class=""page-heading""> erro 404</h1><p>Página não encontrada.</p>"
"<strong>%s</strong> requests access to your account","<strong>%s</strong> solicitações de acesso à sua conta"
"<strong>Attention</strong>: Captcha is case sensitive.","<strong>Atenção</strong>: Captcha é diferencia maiúsculas de minúsculas."
"A user with the same user name or email aleady exists.","Existe um usuário com o mesmo usuário nome ou e-mail aleady."
"API Key","Chave de API"
"API Key Confirmation","Confirmação de chave de API"
ASCII,ASCII
"Abandoned Carts","Carros abandonados"
"About the calendar","Sobre o calendário"
"Access Denied","Acesso negado"
"Access denied","Acesso negado"
"Access denied.","Acesso negado."
"Account Created in:","Conta criada no:"
"Account Created on (%s):","Conta criada no (%s):"
"Account Created on:","Conta criada no:"
"Account Information","Informações da conta"
"Account Status","Status da conta"
"Account status","Status da conta"
Action,Ação
Actions,Ações
"Actions XML","Ações XML"
Active,Ativo
Add,Adicionar
"Add Exception","Adicionar exceção"
"Add Field Mapping","Adicionar o mapeamento de campo"
"Add Field with URL:","Adicione o campo com a URL:"
"Add New","Adicionar novo"
"Add New Image","Adicionar nova imagem"
"Add New Profile","Adicionar novo perfil"
"Add New Role","Adicionar novo papel"
"Add New Template","Adicionar novo modelo"
"Add New URL Rewrite","Adicionar nova URL Rewrite"
"Add New User","Adicionar novo usuário"
"Add New Variable","Adicionar a nova variável"
"Add Products","Adicionar produtos"
"Add URL Rewrite","Adicionar URL Rewrite"
"Add URL Rewrite for a Category","Adicionar URL Rewrite para uma categoria"
"Add URL Rewrite for a Product","Adicionar URL Rewrite para um produto"
"Add after","Adicionar depois"
"Additional Cache Management","Gerenciamento de Cache adicionais"
"Address Type:","Tipo de endereço:"
Admin,Admin
"Advanced Admin Section","Seção avançada de Admin"
"Advanced Profiles","Perfis avançados"
"Advanced Section","Seção avançada"
"After authorization application will have access to you account.","Após autorização aplicativo terá acesso à sua conta."
All,"Todos os"
"All Allowed Countries","Tudo permitido países"
"All Cache","Cache de todos os"
"All Files","Todos os arquivos"
"All Reviews","Todos os comentários"
"All Store Views","Todos armazenam Views"
"All Tags","Todas as Tags"
"All Websites","Todos os sites"
"All countries","Todos os países"
"All fields","Todos os campos"
"All possible rates were fetched, please click on ""Save"" to apply","Todas as taxas possíveis foram buscadas, por favor clique em ""Salvar"" para aplicar"
"All rates were fetched, please click on ""Save"" to apply","Todos os preços foram obtidos, por favor clique em ""Salvar"" para aplicar"
"All valid rates have been saved.","Todos os preços válidos foram salvos."
"Always (during development)","Sempre (durante o desenvolvimento)"
Amounts,Montantes
"An error has occured while syncronizing media storages.","Ocorreu um erro enquanto syncronizing armazenamentos de mídia."
"An error occurred while clearing the JavaScript/CSS cache.","Ocorreu um erro ao limpar o cache de JavaScript/CSS."
"An error occurred while clearing the image cache.","Ocorreu um erro ao limpar o cache de imagem."
"An error occurred while deleting URL Rewrite.","Ocorreu um erro ao excluir a URL Rewrite."
"An error occurred while deleting email template data. Please review log and try again.","Ocorreu um erro ao excluir dados do modelo de email. Por favor, revise o log e tente novamente."
"An error occurred while deleting record(s).","Ocorreu um erro ao excluir o registro (s)."
"An error occurred while deleting this role.","Ocorreu um erro ao excluir este papel."
"An error occurred while deleting this set.","Ocorreu um erro ao excluir este conjunto."
"An error occurred while deleting this template.","Ocorreu um erro ao excluir este modelo."
"An error occurred while finishing process. Please refresh the cache","Ocorreu um erro ao terminar processo. Por favor, atualize o cache"
"An error occurred while rebuilding the CatalogInventory Stock Status.","Ocorreu um erro ao reconstruir o Status de estoque CatalogInventory."
"An error occurred while rebuilding the catalog index.","Ocorreu um erro ao reconstruir o índice de catálogo."
"An error occurred while rebuilding the flat catalog category.","Ocorreu um erro ao reconstruir a categoria catálogo plana."
"An error occurred while rebuilding the flat product catalog.","Ocorreu um erro ao reconstruir o catálogo do produto plano."
"An error occurred while rebuilding the search index.","Ocorreu um erro ao reconstruir o índice de pesquisa."
"An error occurred while refreshing the Catalog Rewrites.","Ocorreu um erro ao atualizar o catálogo regrava."
"An error occurred while refreshing the Layered Navigation indices.","Ocorreu um erro ao atualizar os índices de navegação em camadas."
"An error occurred while refreshing the catalog rewrites.","Erro ao atualizar o catálogo reescreve."
"An error occurred while refreshing the layered navigation indices.","Ocorreu um erro ao atualizar os índices de navegação em camadas."
"An error occurred while saving URL Rewrite.","Ocorreu um erro ao salvar o URL Rewrite."
"An error occurred while saving account.","Ocorreu um erro ao salvar a conta."
"An error occurred while saving review.","Ocorreu um erro ao salvar revisão."
"An error occurred while saving the customer.","Ocorreu um erro ao salvar o cliente."
"An error occurred while saving this configuration:","Ocorreu um erro ao salvar esta configuração:"
"An error occurred while saving this role.","Ocorreu um erro ao salvar este papel."
"An error occurred while saving this template.","Ocorreu um erro ao salvar este modelo."
"An error occurred while updating the selected review(s).","Ocorreu um erro ao atualizar as análises selecionado."
Any,Qualquer
"Any Attribute Set","Qualquer conjunto de atributo"
"Any Group","Qualquer grupo"
"Any Status","Qualquer Status"
"Any Store","Qualquer loja"
"Any Type","Qualquer tipo"
"Any Visibility","Qualquer visibilidade"
"Any data created since the backup was made will be lost including admin users, customers and orders.","Todos os dados criados desde o backup foi feito serão perdidos incluindo ordens, clientes e usuários administradores."
"Archive file name:","Nome do arquivo:"
"Are you sure that you want to delete this template?","Tem certeza que deseja excluir este modelo?"
"Are you sure that you want to strip tags?","Tem certeza que deseja retirar tags?"
"Are you sure you want to do this?","Tem certeza que quer fazer isso?"
"Are you sure you want to proceed?","Tem certeza que deseja prosseguir?"
Area,Área
"As low as:","Tão baixo quanto:"
Assigned,Atribuído
"Associated Tags","Marcas associadas"
"Attribute Set Name:","Nome do conjunto de atributo:"
Attributes,Atributos
"Authorization confirmed","Autorização confirmada"
Authorize,Autorizar
"Authorize application","Autorizar a aplicação"
"Authorized OAuth Tokens","Tokens OAuth autorizado"
"Automatic (equalize price ranges)","Automático (equalizar o preço varia)"
"Automatic (equalize product counts)","Automático (equalizar produto contagens)"
"Average Order Amount","Quantidade de ordem média"
"Average Orders","Média de ordens"
BINARY,BINÁRIO
Back,Voltar
"Back to Login","Voltar para Login"
Backup,Backup
"Backup Name","Nome do backup"
"Backup options","Opções de backup"
Backups,Backups
"Base currency","Moeda base"
Bcc,BCC
Bestsellers,Best-sellers
"Billing Address","Endereço de facturação"
"Billing Address: ","Endereço de faturamento: "
"Billing Agreement","Acordo de faturamento"
"Billing Agreements","Acordos de faturamento"
"Block Information","Bloco informações"
"Both (without and with tax)","Ambos (sem e com imposto)"
"Both IPN and PDT","Tanto o IPN e o PDT"
"Browse Files...","Procure arquivos..."
"Bundle with dynamic pricing cannot include custom defined options. Options will not be saved.","Pacote com precificação dinâmica não pode incluir opções personalizadas definidas. Opções não serão salvos."
CMS,CMS
CRITICAL,CRÍTICA
CSV,CSV
"CSV / Tab separated","CSV / guia separado"
"Cache Control","Controle de cache"
"Cache Control (beta)","Controle de cache (beta)"
"Cache Management","Gerenciamento de cache"
"Cache Type","Tipo de cache"
Cancel,Cancelar
"Cannot add new comment.","Não é possível adicionar novo comentário."
"Cannot add tracking number.","Não é possível adicionar o número de rastreamento."
"Cannot create an invoice without products.","Não é possível criar uma factura sem produtos."
"Cannot create credit memo for the order.","Não é possível criar nota de crédito para a ordem."
"Cannot delete the design change.","Não é possível excluir a mudança de projeto."
"Cannot delete tracking number.","Não é possível excluir o número de rastreamento."
"Cannot do shipment for the order separately from invoice.","Não posso fazer a transferência para a ordem separadamente da fatura."
"Cannot do shipment for the order.","Não posso fazer a transferência para a ordem."
"Cannot initialize shipment for adding tracking number.","Não é possível inicializar o carregamento para adicionar o número de rastreamento."
"Cannot initialize shipment for delete tracking number.","Não é possível inicializar o carregamento para apagar o número de rastreamento."
"Cannot load track with retrieving identifier.","Não é possível carregar a faixa com a recuperação de identificador."
"Cannot retrieve tracking number detail.","Não é possível recuperar detalhes de número de rastreamento."
"Cannot save shipment.","Não pode salvar da expedição."
"Cannot save the credit memo.","Não é possível salvar a nota de crédito."
"Cannot send shipment information.","Não pode enviar informações de remessa."
"Cannot update item quantity.","Não é possível atualizar a quantidade do item."
"Cannot update the item\'s quantity.","Não é possível atualizar a quantidade do item\."
Catalog,Catálogo
"Catalog Price Rules","Regras de preço de catálogo"
"Catalog Rewrites","Regravações de catálogo"
Categories,Categorias
Category,Categoria
Category:,Categoria:
"Chart is disabled. If you want to enable chart, click <a href=""%s"">here</a>.","Gráfico está desabilitado. Se você deseja habilitar o gráfico, clique <a href=""%s""> aqui</a>."
Checkbox,"Caixa de seleção"
"Child Transactions","Transações de criança"
"Choose Store View:","Escolha Visualizar loja:"
"Choose an attribute","Escolha um atributo"
"Chosen category does not associated with any website, so url rewrite is not possible.","Categoria escolhida faz não associados com qualquer site, reescrita de url não é possível."
"Chosen product does not associated with any website, so url rewrite is not possible.","Produto escolhido faz não associados com qualquer site, reescrita de url não é possível."
Clear,Clara
Close,Fechar
"Comment text field cannot be empty.","Campo de texto de comentário não pode ser vazio."
Complete,Completar
"Config form fieldset clone model required to be able to clone fields","Modelo de clone do fieldset formulário config necessário para ser capaz de clonar campos"
Configuration,Configuração
"Confirm New Password","Confirmar nova senha"
"Confirm token authorization Pop Up for admin","Confirmar autorização token Pop-Up para admin"
"Confirm token authorization for admin","Confirmar autorização de token para admin"
"Confirmation Of Authorization","Confirmação da autorização"
"Confirmed email:","Confirmar e-mail:"
"Connect with the Magento Community","Conectar-se com a Comunidade do Magento"
Continue,Continuar
"Convert to Plain Text","Converter para texto sem formatação"
"Cookie (unsafe)","Cookie (inseguro)"
Country,País
Country:,País:
Coupons,Cupons
Create,Criar
"Create DB Backup","Criar Backup DB"
"Create New Attribute","Criar novo atributo"
"Create URL Rewrite:","Crie URL Rewrite:"
"Created At","Criado em"
"Credit Card %s","Cartão de crédito %s"
"Credit Memo History","História de memorando de crédito"
"Credit Memo Totals","Totais de memorando de crédito"
"Credit Memos","CrÃ © dito"
"Credit memo #%s comment added","Nota de crédito #%s Comentário adicionado"
"Credit memo #%s created","Nota de crédito #%s criado"
"Credit memo\'s total must be positive.","Total do crédito memo\ deve ser positivo."
Currency,Moeda
"Currency ""%s"" is used as %s in %s.","Moeda ""%s"" é usado como %s em %s."
"Currency Information","Informações de moeda"
"Currency Setup Section","Seção de configuração de moeda"
"Current Configuration Scope:","Escopo da configuração atual:"
"Current Month","Mês atual"
Custom,Personalizado
"Custom Variable ""%s""","Variável personalizada ""%s"""
"Custom Variables","Variáveis personalizadas"
Customer,Cliente
"Customer Group:","Grupo de clientes:"
"Customer Groups","Grupos de clientes"
"Customer Name","Nome do cliente"
"Customer Reviews","Opiniões dos clientes"
"Customer Shopping Carts","Cliente carrinhos de compras"
"Customer Since:","Cliente desde:"
"Customer Tax Classes","Classes de fiscais do cliente"
"Customer with the same email already exists.","Cliente com o mesmo e-mail já existe."
Customers,Clientes
"Customers by Number of Orders","Clientes por número de ordens"
"Customers by Orders Total","Clientes por Total de ordens"
"DHTML Date/Time Selector","Seletor de data/hora DHTML"
Dashboard,"Painel de controle"
"Data Format","Formato de dados"
"Data transfer:","Transferência de dados:"
Database,"Banco de dados"
"Dataflow - Advanced Profiles","Fluxo de dados - avançado de perfis"
"Dataflow - Profiles","Fluxo de dados - perfis"
Date,Data
"Date & Time","Data hora &"
"Date Added","Data adicionada"
"Date Updated","Data atualizada"
"Date selection:","Seleção de data:"
"Date selector","Seletor de data"
Day,Dia
"Decimal separator:","Separador decimal:"
"Default (Admin) Values","Valores padrão (Admin)"
"Default Billing Address","Endereço de cobrança padrão"
"Default Config","Padrão de configuração"
"Default Template from Locale","Modelo padrão da localidade"
"Default Values","Valores padrão"
"Default display currency ""%s"" is not available in allowed currencies.","Padrão de exibição moeda ""%s"" não está disponível em moedas permitidas."
"Default scope","Escopo do padrão"
Delete,Excluir
"Delete %s","Excluir %s"
"Delete %s '%s'","Excluir %s ' %s'"
"Delete File","Excluir arquivo"
"Delete Image","Excluir imagem"
"Delete Profile","Excluir perfil"
"Delete Role","Excluir o papel"
"Delete Store","Loja de Delete"
"Delete Store View","Delete loja vista"
"Delete Template","Excluir modelo"
"Delete User","Excluir usuário"
"Delete Website","Excluir site"
Description,Descrição
Design,Design
"Design Section","Secção de design"
Details,Detalhes
"Developer Section","Do revelador"
Direction:,Direção:
Disable,Desativar
Disabled,"Com deficiência"
"Display %s first","Exposição %s primeiro"
"Display default currency","Exibir a moeda padrão"
"Distributed under GNU LGPL. See %s for details.","Distribuído sob a GNU LGPL. Ver %s para obter detalhes."
"Do you really want to KILL parallel process and start new indexing process?","Você realmente quer matar processo paralelo e iniciar novo processo de indexação?"
"Do you really want to proceed?","Você realmente quer prosseguir?"
Download,Baixar
Downloads,Downloads
"Drag to move","Arrastar para mover"
Drop-down,Suspensa
Edit,Editar
"Edit Design Change","Editar a mudança de Design"
"Edit Email Template","Editar Template de Email"
"Edit Order","Editar a ordem"
"Edit Poll","Editar enquete"
"Edit Queue","Editar a fila"
"Edit Review","Revisão de uma"
"Edit Role","Editar papel"
"Edit Store View","Loja de editar modo de exibição"
"Edit System Template","Editar modelo de sistema"
"Edit Template","Editar Template"
"Edit URL Rewrite","Editar URL Rewrite"
"Edit User","Editar usuário"
"Edit User '%s'","Editar usuário ' %s'"
"Edit Website","Editar site"
Email,Email
"Email Address:","Endereço de e-mail:"
"Email Preview","Visualização de e-mail"
"Email to a Friend","E-mail a um amigo"
Email:,Email:
Enable,Enable
Enabled,Habilitado
"Enclose Values In:","Coloque os valores em:"
"Entity Attributes","Atributos de entidade"
"Entity Type","Tipo de entidade"
"Entity type:","Tipo de entidade:"
Error,Erro
"Excel XML","Excel XML"
"Excl. Tax","Fiscais excl."
"Exclude media folder from backup","Excluir a pasta de mídia de backup"
Export,Exportação
"Export CSV","Exportação CSV"
"Export Filters","Filtros de exportação"
"Export to:","Exporte para:"
Export:,Exportação:
"FTP Host","Host FTP"
"FTP Host[:Port]","FTP Host [: porta]"
"FTP Login","Login de FTP"
"FTP Password","Senha de FTP"
"FTP credentials","Credenciais FTP"
Failed,Falhou
"Failed to add a product to cart by id ""%s"".","Falha ao adicionar um produto ao carrinho por id ""%s""."
"Failed to cancel the billing agreement.","Falha ao cancelar o acordo de pagamento."
"Failed to clear the JavaScript/CSS cache.","Falha ao limpar o cache de JavaScript/CSS."
"Failed to delete the billing agreement.","Falha ao excluir o acordo de pagamento."
"Failed to update the profile.","Falha ao atualizar o perfil."
Field,Campo
"Field Mapping","Mapeamento de campo"
File,Arquivo
"File Information","Informações do arquivo"
"File System","Sistema de arquivos"
"File mode","Modo de arquivo"
"File name:","Nome do arquivo:"
"File size should be more than 0 bytes","Tamanho do arquivo deve ser mais de 0 bytes"
"Finished profile execution.","Execução do perfil acabado."
"First Invoice Created Date","Primeira fatura criada data"
"First Name","Primeiro nome"
"First Name is required field.","Primeiro nome é um campo obrigatório."
"First Name:","Primeiro nome:"
Fixed,Fixo
"Flush Catalog Images Cache","Catálogo flush Cache de imagens"
"Flush JavaScript/CSS Cache","Cache Flush JavaScript/CSS"
"For category","Por categoria"
"For latest version visit: %s","Para a versão mais recente, visite: %s"
"For product","Para o produto"
"Forgot Admin Password","Esqueci a senha de Admin"
"Forgot your password?","Esqueceu sua senha?"
"Forgot your user name or password?","Esqueceu seu nome de usuário ou senha?"
From,De
GLOBAL,GLOBAL
Gb,GB
"General Information","Informações gerais"
"General Section","Seção geral"
"Get Image Base64","Obter imagem Base64"
"Get help for this page","Obter ajuda para esta página"
"Give the verifier code to application administrator","Dar o código verificador para o administrador do aplicativo"
"Global Attribute","Atributo global"
"Global Record Search","Pesquisa global de registro"
"Global Search","Pesquisa global"
"Go Today",Hoje
"Go to messages inbox","Ir para caixa de entrada de mensagens"
"Go to notifications","Ir para notificações"
"Google Base","Google Base"
"Google Sitemaps","Google Sitemaps"
"Grand Total","Total geral"
"Grid (default) / List","Grid (padrão) / lista"
"Grid Only","Grade somente"
Group:,Grupo:
Guest,Comentários
"HTTP (unsecure)","HTTP (não segura)"
"HTTPS (SSL)","HTTPS (SSL)"
"Help Us Keep Magento Healthy - Report All Bugs","Ajudam-na manter o Magento saudável - reportar todos os Bugs"
"Helper attributes should not be used in custom layout updates.","Atributos de auxiliar não devem ser usados em atualizações de layout personalizado."
"Helper for options rendering doesn't implement required interface.","Auxiliar para opções de renderização não implementa a interface necessária."
Home,Casa
ID,ID
"ID Path","Caminho de ID"
"IP Address","Endereço IP"
"IPN (Instant Payment Notification) Only","IPN (notificação de pagamento instantâneo) apenas"
"If there is an account associated with %s you will receive an email with a link to reset your password.","Se existe uma conta associada com %s você receberá um e-mail com um link para redefinir sua senha."
"If this message persists, please contact the store owner.","Se esta mensagem persistir, entre em contato com o dono da loja."
"If you do not specify an option value for a specific store view then the default (Admin) value will be used.","Se você não especificar um valor de opção para exibir uma loja específica, em seguida, o padrão (Admin) valor será usado."
"Images (.gif, .jpg, .png)","Imagens (. gif,. jpg,. png)"
"Images Cache","Cache de imagens"
Import,Importação
"Import Service","Serviço de importação"
"Import and Export","Importação e exportação"
"Import and Export Tax Rates","Importação e exportação de taxas de imposto"
Import/Export,Importação/exportação
"Import/Export Advanced","Importação/exportação avançada"
"Import/Export Profile","Perfil de importação/exportação"
"Important: ","Importante: "
"Imported <strong>%s</strong> records","Registros importados <strong>%s</strong>"
In,Em
"In Database:","No banco de dados:"
"In File:","No arquivo:"
Inactive,Inativo
"Incl. Tax","Imposto incl."
"Incoming Message","Mensagem de entrada"
"Insert Variable...","Inserir variável..."
Interactive,Interativo
"Interface Locale: %s","Localidade de interface: %s"
"Invalid Form Key. Please refresh the page.","Chave de forma inválida. Por favor, atualize a página."
"Invalid Import Service Specified","Serviço de importação inválido especificado"
"Invalid POST data (please check post_max_size and upload_max_filesize settings in your php.ini file).","Dados inválidos do POST (por favor, verifique as configurações post_max_size e upload_max_filesize no seu arquivo php. ini)."
"Invalid Secret Key. Please refresh the page.","Inválido chave secreta. Por favor, atualize a página."
"Invalid User Name or Password.","Nome de usuário inválido ou senha."
"Invalid directory: %s","Diretório inválido: %s"
"Invalid email address ""%s"".","Endereço de e-mail inválido ""%s""."
"Invalid email address.","Endereço de e-mail inválido."
"Invalid file: %s","Arquivo inválido: %s"
"Invalid input data for %s => %s rate","Dados de entrada inválidos para %s => %s taxa"
"Invalid parent block for this block","Bloco pai inválido para este bloco"
"Invalid parent block for this block.","Bloco de pai inválido para este bloco."
"Invalid password reset token.","Token de redefinição de senha inválida."
"Invalid sender name ""%s"". Please use only visible characters and spaces.","Nome de remetente inválido ""%s"". Por favor, use apenas caracteres visíveis e espaços."
"Invalid timezone","Fuso horário inválido"
Invalidated,Invalidado
"Inventory Stock Status","Status das ações de inventário"
"Invoice #%s comment added","Invoice #%s Comentário adicionado"
"Invoice #%s created","Invoice #%s criado"
"Invoice History","História de factura"
"Invoice Totals","Totais de factura"
"Invoice canceling error.","Cancelamento de erro de factura."
"Invoice capturing error.","Factura capturando erro."
"Invoice voiding error.","Factura anulação de erro."
Invoices,Facturas
"Is Closed","Está fechado"
"Is Default","É o padrão"
"Issue Number","Número de emissão"
Items,Itens
"JavaScript seems to be disabled in your browser.","JavaScript parece estar desabilitado em seu navegador."
JavaScript/CSS,JavaScript/CSS
"JavaScript/CSS Cache","Cache de JavaScript/CSS"
Kb,KB
"Last 24 Hours","Últimas 24 horas"
"Last 5 Orders","Últimos 5 pedidos"
"Last 5 Search Terms","Última 5 termos de pesquisa"
"Last 7 Days","Últimos 7 dias"
"Last Credit Memo Created Date","Última nota de crédito criada data"
"Last Invoice Created Date","Última fatura criada data"
"Last Logged In (%s):","Última logado (%s):"
"Last Logged In:","Último logado:"
"Last Name","Último nome"
"Last Name is required field.","Último nome é um campo obrigatório."
"Last Name:","Último nome:"
"Last updated: %s. To refresh last day\'s <a href=""%s"">statistics</a>, click <a href=""%s"">here</a>.","Ultima atualização: %s. Para atualizar a de última day\ <a href=""%s""> estatísticas</a>, clique <a href=""%s""> aqui</a>."
"Latest Message:","Última mensagem:"
"Layered Navigation Indices","Índices de navegação em camadas"
"Layered Navigation Indices were refreshed.","Índices de navegação em camadas foram atualizados."
"Leave empty to use tax identifier","Deixar vazio para usar o identificador de imposto"
"Lifetime Sales","Vendas de vida"
"Lifetime statistics have been updated.","Estatísticas de vida foram atualizadas."
Links,Links
"Links with associated products will retain only after saving current product.","Links com produtos associados irá reter somente depois de salvar o produto atual."
"List (default) / Grid","Lista (padrão) / grade"
"List Only","Listar apenas"
"Load Template","Modelo de carga"
"Load default template","Modelo padrão de carga"
Loading...,Carregar...
"Local Server","Servidor local"
"Local/Remote Server","Servidor local/remoto"
Locale,Localidade
"Log In","Iniciar sessão"
"Log Out","Efetuar logout"
"Log in to Admin Panel","Faça login no painel de Admin"
"Log in to use <strong>%s</strong>","Login para usar <strong>%s</strong>"
"Log into Magento Admin Page","Faça login na página de Admin do Magento"
"Logged in as %s","Logado como %s"
Login,Login
"Low Stock","Baixo estoque"
MAJOR,PRINCIPAIS
MINOR,MENOR
"MS Excel XML","MS Excel XML"
"Magento Admin","Admin do Magento"
"Magento Commerce - Administrative Panel","Magento Commerce - painel administrativo"
"Magento Connect","Magento Connect"
"Magento Connect Manager","Magento Connect Manager"
"Magento Logo","Logotipo do Magento"
"Magento is a trademark of Magento Inc. Copyright &copy; %s Magento Inc.","Magento é uma marca da Magento Inc. Copyright © %s Magento Inc."
"Magento root directory","Diretório de raiz do Magento"
"Magento ver. %s","Magento ver. %s"
"Magento&trade; is a trademark of Magento Inc.<br/>Copyright &copy; %s Magento Inc.","Magento ? é uma marca registrada da Magento Inc. <br/>Copyright © %s Magento Inc."
"Make sure that data encoding in the file is consistent and saved in one of supported encodings (UTF-8 or ANSI).","Certifique-se de que a codificação de dados no arquivo é consistente e salvo em uma das codificações suportadas (ANSI ou UTF-8)."
"Manage Attribute Sets","Gerenciar conjuntos de atributo"
"Manage Attributes","Gerenciar atributos"
"Manage Categories","Gerenciar categorias"
"Manage Content","Gerenciar conteúdo"
"Manage Currency Rates","Gerenciar taxas de moeda"
"Manage Customers","Gerenciar clientes"
"Manage Options (values of your attribute)","Gerenciar opções (valores de atributo)"
"Manage Ratings","Gerenciar avaliações"
"Manage Stores","Gerenciar armazenamentos"
"Manage Tax Rules","Gerenciar regras de tributação"
"Manage Tax Zones and Rates","Gerir zonas de impostos e taxas"
"Manage Titles (Size, Color, etc.)","Gerenciar títulos (tamanho, cor, etc.)"
Manual,Manual
"Matched Expression","Expressão correspondente"
"Maximum sender name length is 255. Please correct your settings.","Comprimento do nome do remetente máximo é 255. Por favor, corrija suas configurações."
Mb,MB
"Media (.avi, .flv, .swf)","Media (. avi,. flv,. swf)"
"Media storages synchronization has completed!","Sincronização de armazenamentos de mídia foi concluída!"
"Messages Inbox","Caixa de entrada de mensagens"
Month,Mês
"Most Viewed","Mais vistos"
"Most Viewed Products","Produtos mais vistos"
"Multiple Select","Selecionar múltiplos"
"My Account","Minha conta"
"My Applications","Meus aplicativos"
N/A,N/A
NOTICE,AVISO
Name,Nome
Name:,Nome:
"Never (production)","Nunca (produção)"
"New ","Novo "
"New API Key","Nova chave de API"
"New Accounts","Novas contas"
"New Attribute","Novo atributo"
"New Block","Novo bloco"
"New Category","Nova categoria"
"New Class","Nova classe"
"New Condition","Nova condição"
"New Custom Variable","Nova variável personalizada"
"New Customer","Novo cliente"
"New Customers","Novos clientes"
"New Design Change","Nova mudança de Design"
"New Email Template","Novo modelo de Email"
"New Group","Novo grupo"
"New Invoice","Nova fatura"
"New Item Type","Novo tipo de Item"
"New Memo","Novo memorando"
"New Memo for #%s","Novo memorando para #%s"
"New Page","Nova página"
"New Password","Nova senha"
"New Poll","Nova enquete"
"New Profile","Novo perfil"
"New Rate","Nova taxa"
"New Rating","Nova classificação"
"New Review","Nova revisão"
"New Role","Novo papel"
"New Rule","Nova regra"
"New Search","Nova pesquisa"
"New Set","Novo conjunto"
"New Shipment","Nova remessa"
"New Sitemap","Novo mapa do site"
"New Store View","Nova loja vista"
"New System Template","Novo modelo de sistema"
"New Tag","Nova Tag"
"New Template","Novo modelo"
"New User","Novo usuário"
"New Variable","Nova variável"
"New Website","Novo site"
"New password field cannot be empty.","Novo campo de senha não pode ser vazio."
Newsletter,"Boletim informativo"
"Newsletter Problems","Problemas de boletim informativo"
"Newsletter Queue","Fila de boletim informativo"
"Newsletter Subscribers","Assinantes do boletim"
"Newsletter Templates","Modelos de boletim informativo"
"Next month (hold for menu)","No próximo mês (segure para menu)"
"Next year (hold for menu)","No próximo ano (segure para menu)"
No,Não
"No (price without tax)","Não (preço sem imposto)"
"No Data Found","Nenhum dado encontrado"
"No Templates Found","Nenhum modelo encontrado"
"No change","Nenhuma mudança"
"No customer id defined.","Nenhum id de cliente definido."
"No information available.","Não há informações disponíveis."
"No profile loaded...","Sem perfil carregado..."
"No records found for this period.","Nenhum registro encontrado para este período."
"No records found.","Nenhum registro encontrado."
"No report code specified.","Nenhum código de relatório especificado."
"No search keywords.","Nenhuma palavra-chave de pesquisa."
"No search modules were registered","Sem módulos de pesquisa foram registrados"
"No wishlist item id defined.","Nenhuma id de item de lista de desejos definido."
None,Nenhum
Note:,Nota:
Notes,Notas
Notifications,Notificações
"Number of Orders","Número de pedidos"
"Number of Uses","Número de utilizações"
"Number of Views","Número de visualizações"
"Number of records:","Número de registros:"
"OAuth Consumers","Consumidores OAuth"
"OAuth authorization for admin","Autorização OAuth para admin"
"OAuth authorization simple for admin","Autorização OAuth simples para admin"
OK,Razoável
"Old rate:","Taxa de idade:"
"Once you log into your PayPal Advanced account, navigate to the Service Settings - Hosted Checkout Pages - Set Up menu and set the options described below","Depois de entrar em sua conta PayPal avançadas, navegue até o menu de configurações do serviço - hospedado páginas de-check out - Set Up e defina as opções descritas abaixo"
"Once you log into your PayPal Payflow Link account, navigate to the Service Settings - Hosted Checkout Pages - Set Up menu and set the options described below","Depois de entrar em sua conta PayPal Payflow Link, navegue para o menu de configurações do serviço - hospedado páginas de-check out - Set Up e defina as opções descritas abaixo"
"One or more media files failed to be synchronized during the media storages syncronization process. Refer to the log file for details.","Um ou mais arquivos de mídia não conseguiram ser sincronizadas durante o processo de sincronização de armazenamentos de mídia. Consulte o arquivo de log para obter detalhes."
"One or more of the Cache Types are invalidated:","Um ou mais dos tipos de Cache são invalidados:"
"Online Customers","Clientes on-line"
"Only Once (version upgrade)","Apenas uma vez (atualização de versão)"
"Only attributes with scope ""Global"", input type ""Dropdown"" and Use To Create Configurable Product ""Yes"" are available.","Somente atributos com escopo ""Global"", ""Suspenso"" tipo de entrada e uso para criar configurável produto ""Sim"" estão disponíveis."
"Only mapped fields","Somente campos mapeados"
Optional,Opcional
Options,Opções
"Options is required","Opções é necessário"
Order,Ordem
"Order #%s","Ordem #%s"
"Order #%s (%s)","Ordem #%s (%s)"
"Order Created Date","Ordem criado data"
"Order ID","ID da encomenda"
"Order Totals","Totais da ordem"
"Order Updated Date","Ordem de data de actualização"
"Order Updated Date report is real-time, does not need statistics refreshing.","Relatório atualizado data do pedido é em tempo real, não precisa atualizar estatísticas."
Orders,Ordens
"Original Magento attribute names in first row:","Nomes originais do atributo Magento na primeira linha:"
"Out of stock","Fora de estoque"
"PDT (Payment Data Transfer) Only","PDT (transferência de dados de pagamento) só"
"Package Extensions","Extensões de pacote"
Pages,Páginas
"Parent Product Thumbnail","Miniatura de produto pai"
"Parent Transaction ID","ID de transação pai"
"Passive mode","Modo passivo"
Password,Senha
"Password Confirmation","Confirmação de senha"
"Password confirmation must be same as password.","Confirmação de senha deve ser igual a senha."
"Password must be at least of %d characters.","Senha deve ter pelo menos de %d caracteres."
"Password must include both numeric and alphabetic characters.","Senha deve incluir caracteres numéricos e alfabéticos."
Password:,Senha:
Path:,Caminho:
"Payment method instance is not available.","Instância de método de pagamento não está disponível."
"Payment method is not available.","Método de pagamento não está disponível."
"Payment method must be specified.","Método de pagamento deve ser especificado."
"Pending Reviews","Comentários pendentes"
"Pending Tags","Tags pendentes"
"Per Item","Por Item"
"Per Order","Por ordem"
Percent,"Por cento"
"Performed At","Realizada em"
Period,Período
"Permanent (301)","Permanente (301)"
Permissions,Permissões
"Personal Information","Informações pessoais"
Phone:,Telefone:
"Please Select","Por favor selecione"
"Please confirm site switching. All data that hasn\'t been saved will be lost.","Por favor, confirme o local de comutação. Todos os dados que hasn\ ' t sido salvos serão perdidos."
"Please enter 6 or more characters.","Por favor insira 6 ou mais caracteres."
"Please enter a number greater than 0 in this field.","Por favor insira um número maior que 0 neste domínio."
"Please enter a valid $ amount. For example $100.00.","Por favor insira um montante de $ válido. Por exemplo, $100,00."
"Please enter a valid URL. For example http://www.example.com or www.example.com","Por favor introduza um URL válido. Por exemplo, http://www.example.com ou www.example.com"
"Please enter a valid URL. http:// is required","Por favor introduza um URL válido. http:// é necessária"
"Please enter a valid credit card number.","Por favor, insira um número válido de cartão de crédito."
"Please enter a valid date.","Por favor introduza uma data válida."
"Please enter a valid email address. For example johndoe@domain.com.","Por favor insira um endereço de email válido. Por exemplo, johndoe@domain.com."
"Please enter a valid email.","Por favor insira um email válido."
"Please enter a valid number in this field.","Por favor, insira um número válido neste campo."
"Please enter a valid phone number. For example (123) 456-7890 or 123-456-7890.","Por favor, insira um número de telefone válido. Por exemplo (123) 456-7890 ou 123-456-7890."
"Please enter a valid social security number. For example 123-45-6789.","Por favor digite um CPF válido. Por exemplo, 123-45-6789."
"Please enter a valid value from list","Por favor, insira um valor válido de lista"
"Please enter a valid value, ex: 10,20,30","Por favor, insira um valor válido, ex: 10,20,30"
"Please enter a valid zip code.","Por favor, introduza um código postal válido."
"Please enter a valid zip code. For example 90602 or 90602-1234.","Por favor, introduza um código postal válido. Por exemplo 90602 ou 90602-1234."
"Please enter another credit card number to complete your purchase.","Por favor, digite outro número de cartão de crédito para concluir a compra."
"Please enter password","Por favor digite a senha"
"Please enter password to confirm rollback.","Por favor digite a senha para confirmar a reversão."
"Please enter valid password.","Por favor digite a senha válida."
"Please make sure that all global admin search modules are installed and activated.","Por favor, certifique-se de que todos os módulos de pesquisa global admin estão instalados e ativados."
"Please make sure that your changes were saved before running the profile.","Por favor, certifique-se que as alterações foram salvas antes de executar o perfil."
"Please make sure your passwords match.","Por favor, certifique-se de que combinam suas senhas."
"Please select State/Province.","Por favor selecione o estado/província."
"Please select a customer.","Por favor selecione um cliente."
"Please select a store.","Por favor, selecione uma loja."
"Please select an option.","Por favor, selecione uma opção."
"Please select catalog searches.","Por favor, selecione Catálogo de pesquisas."
"Please select customer(s).","Por favor, selecione o cliente (s)."
"Please select message(s).","Por favor, selecione a mensagem (ns)."
"Please select one of the above options.","Por favor, selecione uma das opções acima."
"Please select one of the options.","Por favor, selecione uma das opções."
"Please select review(s).","Por favor selecione a análises."
"Please select tag(s).","Por favor selecione a tag (s)."
"Please specify backup creation options","Por favor, especifique as opções de criação do backup"
"Please specify the admin custom URL.","Por favor, especifique o URL personalizado de admin."
"Please try to logout and sign in again.","Por favor tente logout e entrar novamente."
"Please type the letters from the image:","Por favor digite as letras da imagem:"
"Please use in this field only ""a-z,0-9,_"".","Por favor, use neste campo apenas ""a-z, 0-9, _""."
"Please use letters only (a-z) in this field.","Por favor, use letras (a-z) neste campo."
"Please use numbers only in this field. Please avoid spaces or other characters such as dots or commas.","Por favor, use números somente neste campo. Por favor, Evite espaços ou outros caracteres, tais como pontos ou vírgulas."
"Please use only letters (a-z or A-Z), numbers (0-9) or spaces in this field.","Por favor, use somente letras (a-z ou A-Z), números (0-9) ou espaços neste campo."
"Please use only letters (a-z) or numbers (0-9) only in this field. No spaces or other characters are allowed.","Por favor, use somente letras (a-z) ou números (0-9) somente neste campo. Sem espaços ou outros caracteres são permitidos."
"Please use only letters (a-z) or numbers (0-9) or spaces and # only in this field.","Por favor, use somente letras (a-z) ou números (0-9) ou espaços e # somente neste campo."
"Please use this date format: dd/mm/yyyy. For example 17/03/2006 for the 17th of March, 2006.","Por favor, use este formato de data: dd/mm/aaaa. Por exemplo 17/03/2006 de 17 de março de 2006."
"Please wait while the indexes are being refreshed.","Por favor aguarde enquanto os índices estão sendo atualizados."
"Please wait, loading...","Aguarde, carregando..."
"Please wait...",Aguarde...
"Please, add some answers to this poll first.","Por favor, adicione algumas respostas para esta enquete primeiro."
"Please, select ""Visible in Stores"" for this poll first.","Por favor, selecione ""Visível em lojas"" para esta enquete primeiro."
"Poll Manager","Gerenciador de enquete"
Polls,Enquetes
Popular,Popular
Position,Posição
"Position of Watermark for %s","Posição da marca d'água para %s"
"Pregenerated product images files.","Arquivos de imagens de produto pregenerated."
"Prev. month (hold for menu)","Mês Ant. (segure para menu)"
"Prev. year (hold for menu)","Ano Ant. (segure para menu)"
Preview,Visualizar
"Preview Template","Modelo de visualização"
Price,Preço
"Price alert subscription was saved.","Preço de subscrição alerta foi salvo."
Price:,Preço:
"Processed <strong>%s%% %s/%d</strong> records","Processados <strong>%s % % %s / %d</strong> registros"
Product,Produto
"Product Name","Nome do produto"
"Product Reviews","Comentários do produto"
"Product Tax Classes","Classes de impostos do produto"
"Product Thumbnail Itself","Miniatura de produto em si"
"Product is not loaded.","Produto não está carregado."
Product:,Produto:
Products,Produtos
"Products Bestsellers Report","Relatório de produtos mais vendidos"
"Products Most Viewed Report","Relatório de produtos mais visto"
"Products Ordered","Produtos ordenados"
"Products in Carts","Produtos no carrinho"
"Profile Action","Perfil de ação"
"Profile Actions XML","Ações de perfil XML"
"Profile Direction","Perfil de direção"
"Profile History","Histórico de perfil"
"Profile Information","Informações de perfil"
"Profile Name","Nome do perfil"
"Profile Payments","Perfil de pagamentos"
"Profile Schedule","Perfil programação"
"Profile Wizard","Assistente de perfil"
Profiles,Perfis
Promo,Promo
Promotions,Promoções
"Purchased Item","Comprado o Item"
"Put store on the maintenance mode while backup creation","Colocar a loja sobre o modo de manutenção durante a criação do backup"
"Put store on the maintenance mode while rollback processing","Colocar a loja sobre o modo de manutenção durante o processamento de reversão"
Quantity,Quantidade
"Queue Refresh","Atualização de fila"
"Queued... Cancel","Na fila... Cancelar"
"REST Roles","OUTROS papéis"
"Radio Buttons","Botões de rádio"
Rates,Taxas
"Read details","Ler detalhes"
Rebuild,Reconstruir
"Rebuild Catalog Index","Reconstruir o índice do catálogo"
"Rebuild Flat Catalog Category","Reconstruir o catálogo Flat categoria"
"Rebuild Flat Catalog Product","Reconstruir o produto catálogo plana"
"Recent Orders","Ordens recentes"
"Recent statistics have been updated.","Estatísticas recentes foram atualizadas."
"Recurring Profile View","Vista de perfil recorrente"
"Recursive Dir","Recursiva Dir"
Redirect,Redirecionar
Reference,Referência
"Reference ID","ID de referência"
Refresh,Atualização
"Refresh Now*","Atualizar agora *"
"Refresh Statistics","Atualizar estatísticas"
Region/State,Região/estado
"Regular Price:","Preço normal:"
Reject,Rejeitar
"Reject token authorization Pop Up for admin","Rejeitar o token autorização Pop-Up para admin"
"Reject token authorization for admin","Rejeitar o token autorização para admin"
"Rejection Of Authorization","Recusa de autorização"
Release,Lançamento
"Release Stability","Estabilidade de lançamento"
"Release Version","Versão de lançamento"
"Reload captcha","Reload captcha"
"Remote FTP","FTP remoto"
Remove,Remover
Reports,Relatórios
"Request Path","Caminho da solicitação"
Required,Necessário
Reset,Redefinir
"Reset Filter","Redefinir o filtro"
"Reset Password","Redefinir senha"
"Reset a Password","Redefinir uma senha"
Resize,Redimensionar
"Resource Access","Acesso a recursos"
Resources,Recursos
Results,Resultados
"Retrieve Password","Recuperar senha"
"Return Html Version","Retornar a versão Html"
Revenue,Receitas
Reviews,Comentários
"Reviews and Ratings","Comentários e classificações"
"Rewrite Rules","Regras de reescrita"
"Role ID","ID de papel"
"Role Info","Informação de papel"
"Role Information","Informações de função"
"Role Name","Nome da função"
"Role Resources","Recursos de papel"
"Role Users","Usuários de papel"
Roles,Papéis
"Roles Resources","Recursos de funções"
"Rotate CCW","Rodar CCW"
"Rotate CW","Gire CW"
Run,Executar
"Run Profile","Executar perfil"
"Run Profile Inside This Window","Executar perfil dentro desta janela"
"Run Profile in Popup","Executar perfil em Popup"
"Running... Kill","Correndo... Matar"
SKU,SKU
SKU:,SKU:
"SSL Error: Invalid or self-signed certificate","Erro SSL: Inválido ou certificado auto-assinado"
Sales,Vendas
"Sales Report","Relatório de vendas"
Samples,Amostras
Save,Salvar
"Save & Generate","Salvar & gerar"
"Save Account","Salvar conta"
"Save Cache Settings","Salvar as configurações de Cache"
"Save Config","Salvar Config"
"Save Currency Rates","Salvar a taxas de câmbio"
"Save Profile","Salvar perfil"
"Save Role","Salvar o papel"
"Save Template","Salvar modelo"
"Save User","Salvar usuário"
"Save and Continue Edit","Salvar e continuar a editar"
Search,Pesquisa
"Search Index","Índice de pesquisa"
"Search Term","Termo de pesquisa"
"Search Terms","Termos de pesquisa"
Select,Selecione
"Select All","Selecionar tudo"
"Select Category","Selecione a categoria"
"Select Date","Selecione a data"
"Select Range","Selecione escala"
"Select date","Selecione a data"
"Selected allowed currency ""%s"" is not available in installed currencies.","Selecionado moeda permitida ""%s"" não está disponível em moedas instaladas."
"Selected base currency is not available in installed currencies.","Moeda-base selecionada não está disponível em moedas instaladas."
"Selected default display currency is not available in allowed currencies.","Moeda de exibição padrão selecionado não está disponível em moedas permitidas."
"Selected default display currency is not available in installed currencies.","Moeda de exibição padrão selecionado não está disponível em moedas instaladas."
"Self-assigned roles cannot be deleted.","Funções auto atribuídas não podem ser excluídas."
Sender,Remetente
"Separate Email","Separar E-mail"
"Shipment #%s comment added","Expedição #%s Comentário adicionado"
"Shipment #%s created","Expedição #%s criado"
"Shipment Comments","Comentários de envio"
"Shipment History","Histórico de remessa"
Shipments,Embarques
Shipping,Frete
"Shipping Address","Endereço de envio"
"Shipping Address: ","Endereço de envio: "
"Shipping Origin","Origem do frete"
"Shipping Price","Preço do transporte"
"Shipping address selection is not applicable","Seleção de endereço de envio não é aplicável"
"Shipping method must be specified.","Método de envio deve ser especificado."
"Shipping method selection is not applicable","Seleção do método de envio não é aplicável"
"Shopping Cart","Carrinho de compras"
"Shopping Cart Price Rules","Regras de preço de carrinho de compras"
"Shopping Cart from %s","Carrinho de %s"
"Show By","Mostrar por"
"Show Report For:","Mostre relatório para:"
"Show Reviews","Mostrar comentários"
"Sitemap Information","Informações de mapa do site"
"Size for %s","Tamanho para %s"
"Skip Category Selection","Seleção de categoria de Skip"
"Some items in this order have different invoice and shipment types. You can create shipment only after the invoice is created.","Alguns itens nesta ordem têm factura diferente e tipos de carregamento. Você pode criar remessa somente depois que a factura é criada."
"Some of the ordered items do not exist in the catalog anymore and will be removed if you try to edit the order.","Alguns do itens ordenados não existem no catálogo e será removido se você tentar editar a ordem."
"Sorry, this feature is coming soon...","Desculpe, este recurso está chegando em breve..."
"Special Price:","Preço especial:"
"Specific Countries","Países específicos"
Specified,Especificado
"Specified profile does not exist.","Perfil especificado não existe."
"Spreadsheet Name:","Nome da planilha:"
"Start Date","Data de início"
"Starting profile execution, please wait...","A partir de execução de perfil, por favor aguarde..."
State/Province:,Estado/província:
"Static Blocks","Blocos estáticos"
Status,Status
Status:,Status:
"Stock Quantity:","Quantidade de ações:"
"Stock notification was saved.","Notificação de estoque foi salvo."
Store,Loja
"Store Email Addresses Section","Seção de endereços de E-mail de loja"
"Store View","Vista da loja"
Store:,Loja:
Stores,Lojas
Subject,Assunto
Submit,Enviar
"Subpackage cannot be conflicting.","Subpacote não pode estar em conflito."
Subtotal,Subtotal
"Switch/Solo/Maestro Only","Maestro/switch/Solo só"
Symbol,Símbolo
"Synchronization is required.","A sincronização é necessária."
"Synchronization of media storages has been successfully completed.","Sincronização de armazenamentos de mídia foi concluída com êxito."
Synchronize,Sincronizar
"Synchronizing %s to %s","Sincronizando %s a %s"
Synchronizing...,Sincronizando...
System,Sistema
"System Section","Seção de sistema"
"System busy","Sistema ocupado"
Tags,Tags
"Target Path","Caminho de destino"
Tax,Fiscal
Tb,TB
Template,Modelo
"Template Content","Modelo de conteúdo"
"Template Information","Informações do modelo"
"Template Name","Nome do modelo"
"Template Styles","Estilos de modelos"
"Template Subject","Assunto de modelo"
"Template Type","Tipo de modelo"
"Temporary (302)","Temporário (302)"
"Terms and Conditions","Termos e condições"
Text,Texto
"The Catalog Rewrites were refreshed.","Reescreve o catálogo foram atualizados."
"The CatalogInventory Stock Status has been rebuilt.","O Status de estoque CatalogInventory foi reconstruído."
"The Comment Text field cannot be empty.","O campo de texto de comentário não pode ser vazio."
"The Flat Catalog Product was rebuilt","O produto plano de catálogo foi reconstruído"
"The JavaScript/CSS cache has been cleaned.","O cache de JavaScript/CSS foi limpo."
"The JavaScript/CSS cache has been cleared.","O cache de JavaScript/CSS tem sido limpo."
"The Layered Navigation indexing has been queued.","A indexação de navegação em camadas foi enfileirada."
"The Layered Navigation indexing queue has been canceled.","A fila de indexação de navegação em camadas foi cancelada."
"The Layered Navigation indices were refreshed.","Os índices de navegação em camadas foram atualizados."
"The Layered Navigation process has been queued to be killed.","O processo de navegação em camadas foi enfileirado para ser morto."
"The Magento cache storage has been flushed.","O armazenamento de cache do Magento foi liberado."
"The URL Rewrite has been deleted.","A reescrita de URL foi excluído."
"The URL Rewrite has been saved.","A reescrita de URL foi salvo."
"The account has been saved.","A conta foi salvo."
"The archive can be uncompressed with <a href=""%s"">%s</a> on Windows systems","O arquivo pode ser descompactado com <a href=""%s""> %s</a> em sistemas Windows"
"The attribute set has been removed.","O conjunto de atributo foi removido."
"The backup's creation process will take time.","O processo de criação do backup vai levar tempo."
"The billing agreement has been canceled.","O acordo de pagamento foi cancelado."
"The billing agreement has been deleted.","O acordo de pagamento foi excluído."
"The cache storage has been flushed.","O armazenamento em cache foi liberado."
"The carrier needs to be specified.","O portador precisa ser especificado."
"The catalog index has been rebuilt.","O índice do catálogo foi reconstruído."
"The catalog rewrites have been refreshed.","Reescreve o catálogo tem sido atualizada."
"The configuration has been saved.","A configuração é salva."
"The credit memo has been canceled.","A nota de crédito foi cancelada."
"The credit memo has been created.","Criou-se a nota de crédito."
"The credit memo has been voided.","A nota de crédito tem sido anulada."
"The custom variable has been deleted.","A variável personalizada foi Excluídoda."
"The custom variable has been saved.","A variável personalizada foi salvo."
"The customer has been deleted.","O cliente foi excluído."
"The customer has been saved.","O cliente foi salvo."
"The design change has been deleted.","A mudança de projeto foi Excluídoda."
"The design change has been saved.","A mudança de projeto foi salvo."
"The email address is empty.","O endereço de e-mail está vazio."
"The email template has been deleted.","O modelo de e-mail foi excluído."
"The email template has been saved.","O modelo de email tiver sido salvo."
"The flat catalog category has been rebuilt.","A categoria flat catálogo foi reconstruída."
"The group node name must be specified with field node name.","O nome de nó do grupo deve ser especificado com o nome de nó do campo."
"The image cache was cleaned.","O cache de imagem foi limpa."
"The image cache was cleared.","O cache de imagem foi limpo."
"The invoice and shipment have been created.","A factura e a expedição foram criados."
"The invoice and the shipment  have been created. The shipping label cannot be created at the moment.","A factura e o carregamento tem sido criados. A etiqueta de envio não pode ser criada no momento."
"The invoice has been canceled.","A fatura foi cancelada."
"The invoice has been captured.","A factura foi capturada."
"The invoice has been created.","A factura foi criada."
"The invoice has been voided.","A factura tem sido anulada."
"The invoice no longer exists.","A factura não existe mais."
"The item %s (SKU %s) does not exist in the catalog anymore.","O item %s (SKU %s) não existe mais no catálogo."
"The order does not allow creating an invoice.","A ordem não permite a criação de uma factura."
"The order no longer exists.","A ordem não existe mais."
"The poll has been deleted.","A enquete foi excluído."
"The poll has been saved.","A enquete foi salvo."
"The profile has been deleted.","O perfil foi excluído."
"The profile has been saved.","O perfil foi salvo."
"The profile has been updated.","O perfil foi atualizado."
"The profile has no changes.","O perfil tem sem alterações."
"The profile you are trying to save no longer exists","O perfil que você está tentando salvar já não existe"
"The rating has been deleted.","A classificação foi Excluídoda."
"The rating has been saved.","A classificação foi salvo."
"The role has been deleted.","O papel foi excluído."
"The role has been saved.","O papel foi salvo."
"The role has been successfully saved.","O papel foi guardado com sucesso."
"The search index has been rebuilt.","O índice de pesquisa tem sido reconstruído."
"The shipment has been created.","O carregamento foi criado."
"The shipment has been sent.","A expedição foi enviada."
"The shipping label has been created.","Criou-se a etiqueta de envio."
"The tag has been deleted.","A tag foi Excluídoda."
"The tag has been saved.","A tag foi salvo."
"The transaction details have been updated.","Os detalhes de transação foram atualizados."
"The user has been deleted.","O usuário foi excluído."
"The user has been saved.","O usuário foi salvo."
"Themes JavaScript and CSS files combined to one file.","Arquivos CSS e JavaScript temas combinaram para um arquivo."
"There is an error in one of the option rows.","Há um erro em uma das linhas de opção."
"This Account is","Esta conta é"
"This Email template no longer exists.","Este modelo de Email já não existe."
"This Role no longer exists","Este papel não existe mais"
"This Role no longer exists.","Este papel não existe mais."
"This account is","Esta conta é"
"This account is inactive.","Esta conta está inativa."
"This action cannot be undone.","Esta ação não pode ser desfeita."
"This attribute set does not have attributes which we can use for configurable product","Este conjunto de atributos não tem atributos que podemos usar para produto configurável"
"This attribute shares the same value in all the stores","Este atributo compartilha o mesmo valor em todas as lojas"
"This is a demo store. Any orders placed through this store will not be honored or fulfilled.","Esta é uma loja demo. Quaisquer pedidos feitos através desta loja não serão honrados ou cumpridos."
"This is a required field.","Este é um campo obrigatório."
"This product is currently disabled.","Este produto está desativado no momento."
"This report depends on timezone configuration. Once timezone is changed, the lifetime statistics need to be refreshed.","Este relatório depende da configuração de fuso horário. Uma vez que o fuso horário é alterado, as estatísticas de tempo de vida precisam ser atualizado."
"This section is not allowed.","Esta seção não é permitida."
"This user no longer exists.","Este usuário não existe mais."
Time,Tempo
"Time selection:","Seleção de tempo:"
Time:,Tempo:
"Timeout limit for response from synchronize process was reached.","Tempo limite para resposta de sincronizar o processo atingiu o limite."
To,Para
"To cancel pending authorizations and release amounts that have already been processed during this payment, click Cancel.","Para cancelar pendentes autorizações e montantes de lançamento que já foram processadas durante este pagamento, clique em cancelar."
"To use PayPal Payflow Link, you must configure your PayPal Payflow Link account on the PayPal website.","Para usar o PayPal Payflow Link, você deve configurar sua conta de PayPal Payflow Link no site do PayPal."
"To use PayPal Payments Advanced, you must configure  your PayPal Payments Advanced account on the PayPal website.","Para usar o PayPal pagamentos avançados, você deve configurar sua conta de PayPal pagamentos avançados no site do PayPal."
"Toggle Editor","Toggle Editor"
Tools,Ferramentas
"Top 5 Search Terms","Top 5 pesquisas"
Total,Total
"Total Invoiced","Total facturado"
"Total Order Amount","Montante total da encomenda"
"Total Refunded","Total reembolsado"
"Total of %d record(s) have been deleted.","Total de %d registro (s) foram excluídos."
"Total of %d record(s) have been updated.","Total de %d registro (s) foram atualizados."
"Total of %d record(s) were canceled.","Total de %d registro (s) foram canceladas."
"Total of %d record(s) were deleted","Total de %d registro (s) foram excluídos."
"Total of %d record(s) were deleted.","Total de %d registro (s) foram excluídos."
"Total of %d record(s) were updated","Total de %d registro (s) foram atualizados."
"Total of %d record(s) were updated.","Total de %d registro (s) foram atualizados."
"Track Order","Ordem das faixas"
"Track this shipment","Localizar o envio"
"Tracking number %s for %s assigned","Número de rastreamento %s para %s atribuído"
"Tracking number cannot be empty.","Número de rastreamento não pode ser vazio."
"Transaction Data","Dados de transação"
"Transaction Details","Detalhes de transação"
"Transaction ID","ID da transação"
"Transaction Type","Tipo de transação"
"Transactional Emails","E-mails transacionais"
Transactions,Transações
"Try Magento Go for Free","Experimente gratuitamente o Magento Go"
Type,Tipo
Type:,Tipo:
"URL Rewrite","Reescrita de URL"
"URL Rewrite Information","Informações de reescrita de URL"
"URL Rewrite Management","Gestão de reescrita de URL"
"Unable to cancel the credit memo.","Não é possível cancelar a nota de crédito."
"Unable to find a Email Template to delete.","Incapaz de encontrar um modelo de Email para excluir."
"Unable to find a poll to delete.","Incapaz de encontrar uma enquete para excluir."
"Unable to find a tag to delete.","Incapaz de encontrar uma marca para excluir."
"Unable to find a user to delete.","Não é possível encontrar um usuário excluir."
"Unable to initialize import model","Não é possível inicializar o modelo de importação"
"Unable to refresh lifetime statistics.","Não é possível atualizar estatísticas de tempo de vida."
"Unable to refresh recent statistics.","Não é possível atualizar estatísticas recentes."
"Unable to save the cron expression.","Não é possível salvar a expressão cron."
"Unable to save the invoice.","Não é possível salvar a factura."
"Unable to send the invoice email.","Não foi possível enviar o email da fatura."
"Unable to send the shipment email.","Não foi possível enviar o e-mail de envio."
"Unable to update transaction details.","Não é possível actualizar os dados da transação."
"Unable to void the credit memo.","Não é possível anular a nota de crédito."
Unknown,Desconhecido
Unlimited,Ilimitado
Update,Atualização
"Updated At","Atualizado em"
"Upload File","Upload de arquivo"
"Upload Files","Upload de arquivos"
"Upload HTTP Error","Upload de erro HTTP"
"Upload I/O Error","Erro de e/s de upload"
"Upload Security Error","Upload de erro de segurança"
"Upload import file","Upload de arquivo de importação"
"Uploaded file is larger than %.2f kilobytes allowed by server","Arquivo enviado é maior do que %.2f quilobytes permitido pelo servidor"
"Use All Available Attributes","Usar todos os atributos disponíveis"
"Use Config Settings","Use as configurações de configuração"
"Use Default","Usar padrão"
"Use Default Value","Use o valor padrão"
"Use Default Variable Values","Usar valores de variável padrão"
"Use FTP Connection","Usar conexão FTP"
"Use Website","Utilização site"
"Used Currently For","Usado atualmente para"
"Used as Default For","Usado como padrão para"
"User Email","E-mail de usuário"
"User ID","ID de usuário"
"User Info","Informação de usuário"
"User Information","Informações do usuário"
"User Name","Nome de usuário"
"User Name is required field.","Nome de usuário é um campo obrigatório."
"User Name:","Nome de usuário:"
"User Password","Senha de usuário"
"User Role","Função de usuário"
"User Roles","Funções de usuário"
"User Roles Information","Informações sobre funções de usuário"
"User Type Resources","Recursos de tipo de usuário"
"User name","Nome de usuário"
Users,Usuários
"VAT Number is Invalid","Número de IVA é inválido"
"VAT Number is Valid","Número de IVA é válido"
"Validation Results","Resultados de validação"
Value,Valor
"Value Delimiter:","Delimitador de valor:"
Variable,Variável
"Variable Code","Código variável"
"Variable HTML Value","Valor da variável HTML"
"Variable ID","ID variável"
"Variable Name","Nome da variável"
"Variable Plain Value","Valor de variável simples"
"Verifier code: %s","Código de verificador: %s"
"View Actions XML","Ver ações XML"
"View Full Size","Ver tamanho completo"
"View Memo","Ver memorando"
"View Memo for #%s","Ver Memo em #%s"
"View Shipment","Carregamento de exibição"
"View Statistics For:","Exibir estatísticas para:"
Visibility:,Visibilidade:
Warning,Aviso
"Warning! Empty value can cause problems with CSV format.","Aviso! Valor vazio pode causar problemas com o formato CSV."
"Warning!\r\nThis action will remove this user from already assigned role\r\nAre you sure?","Aviso! \r\nThis ação removerá este usuário de role\r\nAre já atribuído tem certeza?"
"Warning!\r\nThis action will remove those users from already assigned roles\r\nAre you sure?","Aviso! \r\nThis ação removerá os usuários do roles\r\nAre já atribuído tem certeza?"
"Warning: Please do not close the window during importing/exporting data","Aviso: Por favor, não feche a janela durante a importação/exportação de dados"
"Watermark File for %s","Marca d'água arquivo para %s"
"We appreciate our merchants\' feedback, please <a href=""#"" onclick=""surveyAction(\'yes\'); return false;"">take our survey</a> to provide insight on the features you would like included in Magento. <a href=""#"" onclick=""surveyAction(\'no\'); return false;"">Remove this notification</a>","Agradecemos nossos merchants\' feedback, por favor <a href=""#"" onclick=""surveyAction(\'yes\'); return false;""> leve nossa pesquisa</a> para fornecer uma visão geral sobre as características que você gostaria que incluído no Magento. <a href=""#"" onclick=""surveyAction(\'no\'); return false;""> remova esta notificação</a>"
"We\'re in our typing table, coding away more features for Magento. Thank you for your patience.","We\ está na nossa tabela de digitação, codificação de longe mais recursos para Magento. Obrigado por sua paciência."
"Web Section","Seção de Web"
"Web Services","Serviços Web"
"Web services","Serviços Web"
Website,Site
"What is this?","O que é isto?"
"Wishlist Report","Relatório de lista de desejos"
"Wishlist item is not loaded.","Item de lista de desejos não é carregado."
"Wrong account specified.","Errado conta especificada."
"Wrong billing agreement ID specified.","Faturamento errado acordo ID especificado."
"Wrong column format.","Formato de coluna errado."
"Wrong newsletter template.","Modelo de boletim errado."
"Wrong quote item.","Item de citação errada."
"Wrong tab configuration.","Configuração da guia errado."
"Wrong tag was specified.","Tag errada foi especificado."
"Wrong transaction ID specified.","Transação errado ID especificado."
XML,XML
"XML data is invalid.","Dados XML são inválidos."
"XML object is not instance of ""Varien_Simplexml_Element"".","Objeto XML não é instância de ""Varien_Simplexml_Element""."
YTD,"ACUMULADO NO ANO"
Year,Ano
Yes,Sim
"Yes (301 Moved Permanently)","Sim (301 movido permanentemente)"
"Yes (302 Found)","Sim (302 encontrados)"
"Yes (only price with tax)","Sim (apenas o preço com imposto)"
"You cannot delete your own account.","Não é possível excluir sua conta."
"You have %s unread message(s).","Você tem %s mensagens não lidas."
"You have %s unread message(s). <a href=""%s"">Go to messages inbox</a>.","Você tem %s mensagens não lidas. <a href=""%s""> ir para caixa de entrada de mensagens</a>."
"You have %s, %s and %s unread messages. <a href=""%s"">Go to messages inbox</a>.","Você tem %s, %s e %s mensagens não lidas. <a href=""%s""> ir para caixa de entrada de mensagens</a>."
"You have logged out.","Você tem o logout."
"You have not enough permissions to use this functionality.","Você tem o suficiente não permissões para usar essa funcionalidade."
"You must have JavaScript enabled in your browser to utilize the functionality of this website.","Você deve ter o JavaScript habilitado em seu navegador para utilizar a funcionalidade deste website."
"You need to specify order items.","Você precisa especificar os itens da ordem."
"You will need to wait when the action ends.","Você precisará esperar quando a acção termina."
"Your answers contain duplicates.","Suas respostas contêm duplicatas."
"Your password has been updated.","Sua senha foi atualizada."
"Your password reset link has expired.","Seu link de redefinição de senha expirou."
"Your server PHP settings allow you to upload files not more than %s at a time. Please modify post_max_size (currently is %s) and upload_max_filesize (currently is %s) values in php.ini if you want to upload larger files.","Seus servidor PHP configurações permitem que você fazer upload de arquivos não mais do que %s cada vez. Por favor modifique post_max_size (atualmente é %s) e upload_max_filesize (atualmente é %s) valores no php. ini se você quer fazer upload de arquivos maiores."
"Your web server is configured incorrectly. As a result, configuration files with sensitive information are accessible from the outside. Please contact your hosting provider.","O servidor web está configurado incorretamente. Como resultado, arquivos de configuração com informações sensíveis são acessíveis pelo lado de fora. Entre em contato com seu provedor de hospedagem."
"Zip/Postal Code","CEP/Código Postal"
"Zip/Postal Code:","CEP/Código Postal:"
"[ deleted ]",[deleted]
[GLOBAL],[GLOBAL]
"[STORE VIEW]","[LOJA VISTA]"
[WEBSITE],[SITE]
b,b
close,fechar
critical,crítica
"example: ""sitemap/"" or ""/"" for base path (path must be writeable)","exemplo: ""mapa do site /"" ou ""/"" para o caminho de base (o caminho deve ser gravável)"
"example: sitemap.xml","exemplo: sitemap. xml"
failed,falhou
from,De
major,principais
minor,menor
notice,aviso
"store(%s) scope","escopo de Store(%s)"
successful,"bem sucedido"
to,Para
"website(%s) scope","escopo de website(%s)"
"{{base_url}} is not recommended to use in a production environment to declare the Base Unsecure URL / Base Secure URL. It is highly recommended to change this value in your Magento <a href=""%s"">configuration</a>.","{{base_url}} não é recomendado o uso em um ambiente de produção para declarar o URL de Base Unsecure / URL de Base segura. É altamente recomendável para alterar esse valor na <a href=""%s""> configuração</a> do seu Magento."
