"# of Use","# de uso"
"%1$s incl tax.","imposto de incl %1$ s."
"%s - %s","%s - %s"
"%s Item(s)","%s Item (ns)"
"%s and above","%s e acima"
(%d),(%d)
"(Copy data from: %s)","(Copiar dados de: %s)"
"* Required Fields","* Os campos obrigatórios"
"-- Please Select --","Por favor selecione..."
"86400 by default, if not set. To refresh instantly, Clear the Blocks HTML Output Cache.","86400 por padrão, se não for definido. Para atualizar instantaneamente, limpe o Cache de saída de HTML de blocos."
"<strong style=""color:red"">Warning!</strong> Applying MAP by default will hide all product prices on the frontend.","<strong style=""color:red""> aviso!</strong> Aplicar mapa por padrão irá esconder todos os preços do produto no frontend."
"A group with the same name already exists.","Um grupo com o mesmo nome já existe."
"A name is required","Um nome é necessário"
"A product type is not defined for the indexer.","Um tipo de produto não está definido para o indexador."
"ALL GROUPS","TODOS OS GRUPOS"
AM,AM
Action,Ação
"Actual Price","Preço real"
Add,Adicionar
"Add Attribute","Adicionar o atributo"
"Add Design Change","Adicionar mudança de Design"
"Add Group","Adicionar grupo"
"Add Group Price","Adicionar grupo preço"
"Add New","Adicionar novo"
"Add New Attribute","Adicionar novo atributo"
"Add New Attribute Set","Adicionar novo atributo conjunto"
"Add New Group","Adicionar novo grupo"
"Add New Images","Adicionar novas imagens"
"Add New Option","Adicionar nova opção"
"Add New Row","Adicionar nova linha"
"Add New Search Term","Adicionar novo termo de pesquisa"
"Add New Set","Adicionar novo conjunto"
"Add Product","Adicionar produto"
"Add Product To Websites","Adicionar produto para Websites"
"Add Root Category","Adicionar categoria raiz"
"Add Subcategory","Adicionar subcategoria"
"Add Tax","Adicionar imposto"
"Add Tier","Adicionar camada"
"Add attribute into attribute set","Adicionar um atributo ao conjunto de atributos"
"Add group into attribute set","Adicione o grupo no conjunto de atributos"
"Add new custom option into product","Adicionar nova opção personalizada para o produto"
"Add new values into custom option","Adicionar novos valores para a opção personalizada"
"Add option","Adicionar opção"
"Add to Cart","Adicionar ao carrinho"
"Add to Compare","Adicionar para comparar"
"Add to Wishlist","Adicionar à lista de desejos"
"Additional Information","Informações adicionais"
"Alert Urls","Urls de alertas"
All,"Todos os"
"All Product Types","Todos os tipos de produto"
"All Websites","Todos os sites"
"All products","Todos os produtos"
"All products - recently added products, New products - products marked as new","Todos os produtos - recentemente adicionados produtos, novos produtos - produtos marcados como novo"
"All products of this set will be deleted! Are you sure you want to delete this attribute set?","Todos os produtos deste conjunto serão excluídos! Tem certeza que deseja excluir este conjunto de atributo?"
"Allow All Products per Page","Permitir que todos os produtos por página"
"Allow Dynamic Media URLs in Products and Categories","Permitir URLs de mídia dinâmica nas categorias e produtos"
"Allow HTML Tags on Frontend","Permitir HTML Tags no Frontend"
"Allowed File Extensions","Permitido as extensões de arquivo"
"Allowed file extensions to upload","Permitido carregar as extensões de arquivo"
"An error occurred while adding products to websites.","Ocorreu um erro ao adicionar produtos a websites."
"An error occurred while clearing comparison list.","Ocorreu um erro ao limpar lista de comparação."
"An error occurred while deleting this review.","Ocorreu um erro ao excluir esta revisão."
"An error occurred while removing products from websites.","Ocorreu um erro ao remover produtos de sites."
"An error occurred while saving the URL rewrite","Ocorreu um erro ao salvar a reescrita de URL"
"An error occurred while saving the attribute set.","Ocorreu um erro ao salvar o conjunto de atributos."
"An error occurred while saving the collection, aborting. Error message: %s","Ocorreu um erro ao salvar a coleção, abortando. Mensagem de erro: %s"
"An error occurred while saving the product. ","Ocorreu um erro ao guardar o produto. "
"An error occurred while saving the search query.","Ocorreu um erro ao salvar a consulta de pesquisa."
"An error occurred while saving this group.","Ocorreu um erro ao salvar este grupo."
"An error occurred while saving this review.","Ocorreu um erro ao salvar esta revisão."
"An error occurred while trying to delete the category.","Ocorreu um erro ao tentar excluir a categoria."
"An error occurred while updating the product(s) attributes.","Ocorreu um erro ao atualizar os atributos de produto (s)."
"An error occurred while updating the product(s) status.","Ocorreu um erro ao atualizar o status de produto (s)."
"An invalid group ID is specified, skipping the record.","Uma ID de grupo inválido for especificada, ignorando o registro."
"An invalid option ID is specified for %s (%s), skipping the record.","Uma opção inválida ID é especificado para %s (%s), ignorando o registro."
"An invalid store was specified.","Uma loja inválida foi especificada."
"Anchor Custom Text","Âncora de texto personalizado"
"Anchor Custom Title","Âncora título personalizado"
"Applicable to catalog products and categories only. Any media content will be inserted into editor as a static URL. It is not updated if the system configuration base URL changes.","Aplicáveis aos produtos de catálogo e categorias apenas. Qualquer conteúdo de mídia será inserido editor como um URL estático. Ele não é atualizado se a configuração do sistema base URL mudanças."
"Apply MAP (Default Value)","Aplicar o mapa (valor padrão)"
"Apply To","Aplicar a"
Approved,Aprovado
"Are you sure you want to delete this category?","Tem certeza que deseja excluir esta categoria?"
"Are you sure you would like to remove all products from your comparison?","Tens a certeza de que você gostaria de remover todos os produtos de sua comparação?"
"Are you sure you would like to remove this item from the compare products?","Tens a certeza de que você gostaria de remover este item de comparar produtos?"
"Are you sure?","Tem certeza?"
"As low as:","Tão baixo quanto:"
Assign,Atribuir
"Assign product link","Atribuir o link do produto"
"Assign product to category","Atribuir o produto a categoria"
"Assigned Products","Produtos atribuídos"
"Associated Products","Produtos associados"
"Attrib. Set Name","Nome do conjunto de attrib."
"Attribute ""%s"" is invalid.","Atributo ""%s"" é inválido."
"Attribute ""%s"" is required.","Atributo ""%s"" é necessária."
"Attribute Information","Informações de atributo"
"Attribute Model","Modelo de atributo"
"Attribute Name:","Nome do atributo:"
"Attribute Set","Conjunto de atributos"
"Attribute Sets","Conjuntos de atributo"
"Attribute add","Adicionar o atributo"
"Attribute code is invalid. Please use only letters (a-z), numbers (0-9) or underscore(_) in this field, first character should be a letter.","Atributo código é inválido. Por favor, use somente letras (a-z), números (0-9) ou underscore(_) neste campo, o primeiro caractere deve ser uma carta."
"Attribute group with the \"/name/\" name already exists","Grupo de atributo com o \"/name/\" nome já existe."
"Attribute remove","Remova o atributo"
"Attribute with the same code already exists","Atributo com o mesmo código já existe"
Attributes,Atributos
"Attrribute names can be specified per store.","Nomes de Attrribute podem ser especificados por loja."
Autogenerate,AutoGenerate
Availability:,Disponibilidade:
Back,Voltar
"Backend Model","Modelo de back-end"
"Backend Table","Tabela de back-end"
"Backend Table Title","Título da tabela de back-end"
Backorders,"Ordens pendentes"
"Based On","Com base na"
"Before Order Confirmation","Antes da confirmação da ordem"
"Best Value","Melhor valor"
"Block after Info Column","Bloco após a coluna de informações"
"Bottom Block Options Wrapper","Fundo bloco opções Wrapper"
Bottom/Left,"Parte inferior/esquerda"
Bottom/Right,Bottom/Right
"Browse By","Navegue por"
"Bundle Items","Itens do pacote"
"Buy %1$s","Comprar %1$ s"
"Buy %1$s for","Comprar %1$ s para"
"Buy %1$s for %2$s","Comprar %1$ s por %2$ s"
"Buy %1$s for %2$s (%3$s incl. tax) each","Comprar %1$ s por %2$ s (%3$ s com incl. imposto) cada"
"Buy %1$s for %2$s each","Comprar %1$ s por %2$ s cada"
"Cache Lifetime (Seconds)","Vida de cache (segundos)"
"Cache refresh needed.","Atualização de cache necessária."
"Can be Divided into Multiple Boxes for Shipping","Pode ser dividido em várias caixas para transporte"
"Can be used only with catalog input type Dropdown","Pode ser usado somente com o tipo de entrada de catálogo Dropdown"
"Can be used only with catalog input type Dropdown, Multiple Select and Price","Pode ser usado somente com o catálogo entrada tipo no menu suspenso, selecione múltiplo e preço"
"Can\'t create image.","Can\ ' t criar imagem."
Cancel,Cancelar
"Cannot create image.","Não é possível criar a imagem."
"Cannot create writeable directory '%s'.","Não é possível criar o diretório gravável ' %s'."
"Cart Item Attribute","Atributo de Item do carrinho"
Catalog,Catálogo
"Catalog Category (Anchor)","Categoria do catálogo (âncora)"
"Catalog Category (Non-Anchor)","Categoria do catálogo (Non-âncora)"
"Catalog Category (Without Subcategories)","Categoria do catálogo (sem subcategorias)"
"Catalog Category Link","Catálogo categoria Link"
"Catalog New Products List","Nova lista de produtos catálogo"
"Catalog Price Scope","Escopo do preço de catálogo"
"Catalog Product Compare List","Lista de comparação de produtos catálogo"
"Catalog Product Email to a Friend","Catálogo produto E-mail a um amigo"
"Catalog Product Image Gallery Popup","Galeria de imagens de produto catálogo Popup"
"Catalog Product Link","Catálogo produto Link"
"Catalog Product View (Any)","Exibição do produto catálogo (qualquer)"
"Catalog Product View (Configurable)","Exibição de produto do catálogo (configurável)"
"Catalog Product View (Grouped)","Exibição de produto do catálogo (agrupada)"
"Catalog Product View (Simple)","Exibição de produto do catálogo (simples)"
"Catalog Product View (Virtual)","Exibição de produto do catálogo (Virtual)"
"Catalog Section","Seção de catálogo"
"Catalog Seo Sitemap (Category List)","Catálogo Seo Sitemap (lista de categorias)"
"Catalog Seo Sitemap (Category Tree)","Catálogo Seo Sitemap (árvore de categoria)"
"Catalog Seo Sitemap (Common)","Catálogo Seo Sitemap (comum)"
"Catalog Seo Sitemap (Product List)","Catálogo Seo Sitemap (lista de produtos)"
"Catalog URL Rewrites","Catálogo URL regravações"
"Catalog product custom option values API","Catálogo de valores de opção personalizada do produto API"
"Catalog product custom options API","Catálogo de opções personalizadas de produto API"
"Catalog, Search","Catálogo, pesquisa"
Categories,Categorias
"Categories Sitemap","Categorias Sitemap"
Category,Categoria
"Category API","Categoria API"
"Category Data","Categoria dados"
"Category Flat Data","Categoria de dados plana"
"Category Link Block Template","Categoria modelo de bloco de ligação"
"Category Link Inline Template","Categoria Link embutido modelo"
"Category Products","Categoria produtos"
"Category Top Navigation","Categoria navegação superior"
"Category URL Suffix","Categoria URL sufixo"
"Category attributes API","Atributos categoria API"
"Category move error","Erro de mudança de categoria"
"Category move error %s","Categoria mover erro %s"
"Category move operation is not possible: parent category is equal to child category.","Operação de mudança de categoria não é possível: categoria pai é igual a categoria infantil."
"Category move operation is not possible: the current category was not found.","Operação de mudança de categoria não é possível: a categoria atual não foi encontrada."
"Category move operation is not possible: the new parent category was not found.","Operação de mudança de categoria não é possível: a nova categoria do pai não foi encontrada."
"Category must be an instance of Mage_Catalog_Model_Category.","A categoria deve ter uma instância de Mage_Catalog_Model_Category."
Center,Centro
Change,Mudança
"Change or Retrieve attribute store view","Alterar ou recuperar o atributo loja vista"
"Change status","Alterar status"
"Check items to add to the cart or","Verifique itens para adicionar ao carrinho ou"
"Choose an Option...","Escolha uma opção..."
"Clear All","Apagar tudo"
"Clear Price","Preço claro"
"Click for price","Clique para preço"
"Close Window","Fechar janela"
"Collapse All","Recolher tudo"
Comma-separated.,"Separados por vírgula."
Comparable,Comparáveis
"Comparable on Front-end","Comparáveis em front-end"
"Comparable on the Frontend","Comparável no Frontend"
Compare,Comparar
"Compare Products","Comparar produtos"
"Conditions Combination","Combinação de condições"
"Configurable Product","Produto configurável"
"Configurable Product Settings","Configurações de produto configurável"
"Configure Product","Configurar o produto"
Continue,Continuar
"Copy From Configurable","Copiem configurável"
Country/State,Estado/país
Create,Criar
"Create (Upload)","Criar (Upload)"
"Create Empty","Criar vazio"
"Create Permanent Redirect for URLs if URL Key Changed","Criar redirecionamento permanente para URLs se chave de URL alterada"
"Create Permanent Redirect for old URL","Criar redirecionamento permanente para a URL antiga"
"Create Product Settings","Criar configurações de produto"
"Create Simple Associated Product","Criar simples produto associado"
"Create attribute set based on another set","Criar o conjunto de atributos com base em um outro conjunto"
"Create new attribute","Criar novo atributo"
"Create new category","Criar nova categoria"
"Create new product","Criar novo produto"
Cross-sells,Vende-Cruz
"Currently Shopping by:","Atualmente comprando por:"
"Custom Design","Design personalizado"
"Custom Options","Opções personalizadas"
"Custom options","Opções personalizadas"
"Customer Group","Grupo de clientes"
"Customers Reviews","Comentários de clientes"
"Customers Tagged Product","Produto etiquetado de clientes"
"Data Type for Saving in Database","Tipo de dados para salvar no banco de dados"
"Date & Time Custom Options","Data de & tempo de opções personalizadas"
"Date Fields Order","Ordem de campos de data"
"Date Subscribed","Data subscrita"
Datetime,DateTime
Decimal,Decimal
"Declare attribute value saving scope","Declarar o valor do atributo economia de escopo"
"Default ""What's This"" Text Message","Padrão ""Que é isto"" mensagem de texto"
"Default Popup Text Message","Mensagem de texto pop-up padrão"
"Default Price","Preço padrão"
"Default Price Navigation Step","Etapa de navegação padrão preço"
"Default Qty","Qtde padrão"
"Default Values","Valores padrão"
"Defines the base currency scope (""Currency Setup"" > ""Currency Options"" > ""Base Currency"").","Define o escopo da moeda base (""Configuração de moeda"" > ""Opções de moeda"" > ""Moeda-Base"")."
Delete,Excluir
"Delete Attribute","Exclua o atributo"
"Delete Attribute Set","Excluir o conjunto de atributos"
"Delete Category","Excluir categoria"
"Delete Group Price","Excluir grupo preço"
"Delete Option","Excluir opção"
"Delete Row","Excluir linha"
"Delete Search","Apagar pesquisa"
"Delete Selected Group","Apagar grupo seleccionado"
"Delete Tier","Excluir camada"
"Delete attribute","Exclua o atributo"
"Delete category","Excluir categoria"
"Delete product","Excluir produto"
"Depends on design theme","Depende do tema do projeto"
Design,Design
Details,Detalhes
Disabled,"Com deficiência"
"Disallowed file type.","Não permitido o tipo de arquivo."
"Display Actual Price","Preço de exibição real"
"Display Page Control","Exibir página de controle"
"Display Price Interval as One Price","Intervalo de preço de visualização como um preço"
"Display Product Count","Contagem de exposição do produto"
"Display Type","Tipo de exposição"
"Display in Suggested Terms","Exibição em sugeriu termos"
"Double click on a group to rename it","Clique duas vezes em um grupo para renomeá-lo"
"Double click on above image to view full picture","Clique duas vezes no acima na imagem para ver imagem completa"
"Downloadable Information","Informações para download"
Duplicate,Duplicar
"Duplicate website group price customer group.","Duplica o grupo de clientes do site grupo preço."
"Duplicate website tier price customer group and quantity.","Duplicar a quantidade e grupo de clientes de preço de nível de site."
"Duplicate website, country and state tax found.","Duplica o site, país e estado fiscal encontrado."
"E.g. {{media url=""path/to/image.jpg""}} {{skin url=""path/to/picture.gif""}}. Dynamic directives parsing impacts catalog performance.","Por exemplo, {{url=""path/to/image.jpg mídia""}} {{url=""path/to/picture.gif pele""}}. Desempenho de catálogo de directivas dinâmicas, análise de impactos."
Edit,Editar
"Edit Attribute Set '%s'","Editar atributo conjunto ' %s'"
"Edit Product Attribute","Editar atributo de produto"
"Edit Product Attribute ""%s""","Editar atributo de produto ""%s"""
"Edit Search","Editar pesquisa"
"Edit Search '%s'","Editar pesquisa ' %s'"
"Edit Set Name","Editar o nome do conjunto de"
Email,Email
"Email to a Friend","E-mail a um amigo"
Empty,Vazio
"Enable MAP","Habilitar o mapa"
"Enable Qty Increments","Habilitar Qty incrementos"
"Enable WYSIWYG","Habilitar WYSIWYG"
"Enable for reindexing a big number of SKUs.","Habilite para reindexação de um grande número de SKUs."
Enabled,Habilitado
"Error during retrieval of option value: %s","Erro durante a recuperação do valor de opção: %s"
Exclude,Excluir
"Expand All","Expandir tudo"
Failed,Falhou
"Failed to copy file %s. Please, delete media with non-existing images and try again.","Falha ao copiar o arquivo %s. Por favor, excluir a mídia com imagens inexistentes e tente novamente."
"Failed to move file: %s","Falha ao mover o arquivo: %s"
"Feature Products","Característica de produtos"
"Field is not complete","Campo não está completo"
"File options format is not valid.","Formato de arquivo de opções não é válido."
"File upload failed","Upload do arquivo falhado"
"Filter model name must be declared.","Nome do modelo de filtro deve ser declarado."
"Filter must be an object. Please set correct filter.","Filtro deve ser um objeto. Por favor, defina o filtro correto."
"Filterable (no results)","Filtrável (nenhum resultado)"
"Filterable (with results)","Filtrável (com resultados)"
"First Name","Primeiro nome"
Fixed,Fixo
"For internal use.","Para uso interno."
"For the last time placed.","Pela última vez colocado."
Frontend,Frontend
"Frontend Model","Modelo de frontend"
"Frontend Properties","Propriedades de frontend"
Gallery,Galeria
"General Information","Informações gerais"
"Get full information about attribute with list of options","Obter informações completas sobre o atributo com lista de opções"
"Get full information about custom option in product","Obter informações completas sobre a opção personalizada no produto"
"Get list of available custom option types","Obter lista de tipos de opção personalizada disponível"
"Get list of non-default attributes by product type and attributes set","Obter lista de atributos não-padrão, conjunto de atributos e o tipo de produto"
"Get list of possible attribute types","Obter lista de tipos de atributo possível"
"Get special price","Obter um preço especial"
Global,Global
"Globally Editable","Globalmente editável"
"Go to Home Page","Ir para página inicial"
Grid,Grade
"Group add","Adicionar grupo"
"Group remove","Remover grupo"
"Grouped Product","Produto agrupado"
Groups,Grupos
Home,Casa
ID,ID
"ID: %s","ID: %s"
"If empty, the Category Name will be used","Se estiver vazio, será usado o nome da categoria"
"If empty, the Product Name will be used","Se estiver vazio, será usado o nome do produto"
"If you do not specify an option value for a specific store view then the default (Admin) value will be used.","Se você não especificar um valor de opção para exibir uma loja específica, em seguida, o padrão (Admin) valor será usado."
Image,Imagem
"Image content is not valid base64 data.","Conteúdo da imagem não é válido base64 de dados."
"Image does not exist.","Imagem não existe."
"Image file was not found.","Arquivo de imagem não foi encontrado."
"Image type and information need to be specified for each store view.","Tipo de imagem e informação precisam ser especificado para cada modo de exibição de loja."
"In Cart","No carrinho"
"In Stock","Em estoque"
"In stock","Em estoque"
"Incl. Tax","Imposto incl."
"Index product and categories URL rewrites","Índice de produtos e categorias URL regrava"
"Index product attributes for layered navigation building","Atributos de produto índice para a construção de navegação em camadas"
"Index product prices","Índice de preços de produtos"
"Indexed category/products association","Associação de categoria/produtos indexados"
Info,Informação
"Info Column Options Wrapper","Informação coluna opções Wrapper"
"Input Type","Tipo de entrada"
Integer,"Número inteiro"
"Interval Division Limit","Limite de divisão do intervalo"
"Invalid Tier Prices","Preços de nível inválido"
"Invalid attribute %s","Atributo inválido %s"
"Invalid attribute option specified for attribute %s (%s), skipping the record.","Opção de atributo inválido especificada para o atributo %s (%s), ignorando o registro."
"Invalid attribute set specified, skipping the record.","Inválido atributo definido especificado, ignorando o registro."
"Invalid block: %s.","Bloco inválido: %s."
"Invalid category IDs.","Categoria inválida IDs."
"Invalid category.","Categoria inválida."
"Invalid image file type.","Tipo de arquivo de imagem inválido."
"Invalid image type.","Tipo de imagem inválido."
"Invalid option ID specified for %s (%s), skipping the record.","Inválido opção ID especificado para %s (%s), ignorando o registro."
"Invalid product type specified, skipping the record.","Tipo de produto inválido especificado, ignorando o registro."
"Invalid store specified","Loja inválida especificada"
"Invalid store specified, skipping the record.","Loja inválida especificada, ignorando o registro."
"Invalid tier prices. The product is not associated to the requested website.","Preços de nível inválido. O produto não está associado ao site solicitado."
Inventory,Inventário
"Is Default","É o padrão"
"Is Required","É necessário"
"Items %s to %s of %s total","Itens %s a %s do %s total"
"Items that you do not want to show in the catalog or search results should have status 'Disabled' in the desired store.","Itens que você não quer mostrar nos resultados do catálogo ou pesquisa devem ter status 'Disabled' na loja desejada."
"Items that you don't want to show in the catalog or search results should have status 'Disabled' in the desired store.","Itens que não deseja mostrar no catálogo ou Pesquisar resultados devem ter status 'Desativado' na loja desejada."
"Keep your eyes open for our special Back to School items and save A LOT!","Mantenha os olhos abertos para as nossas costas especial para itens de escola e economizar muito!"
Label,Rótulo
"Last Name","Último nome"
"Last Notification","Última notificação"
"Layered Navigation","Navegação em camadas"
"Learn More","Saiba Mais"
"Line %d, Email: %s","Linha %d, E-mail: %s"
"Line %d, SKU: %s","Linha %d, SKU: %s"
"Link (Related, Up sell, Cross sell)","Link (relacionado, Up sell, Cross sell)"
"Link product does not exist.","Produto do link não existe."
"Link to a Specified Category","Link para uma categoria especificada"
"Link to a Specified Product","Link para um produto especificado"
List,Lista
"List Mode","Modo de lista"
"List of Products that are set as New","Lista de produtos que são definidas como nova"
"List of types","Lista de tipos de"
"Manage Attribute Sets","Gerenciar conjuntos de atributo"
"Manage Attributes","Gerenciar atributos"
"Manage Catalog Categories","Gerenciar categorias de catálogo"
"Manage Categories","Gerenciar categorias"
"Manage Label / Options","Gerenciar etiqueta / opções"
"Manage Options (values of your attribute)","Gerenciar opções (valores de atributo)"
"Manage Product Attributes","Gerenciar atributos de produto"
"Manage Product Sets","Gerenciar conjuntos de produtos"
"Manage Products","Gerenciar produtos"
"Manage Stock","Gerenciar estoque"
"Manage Titles (Size, Color, etc.)","Gerenciar títulos (tamanho, cor, etc.)"
"Max Characters","Personagens Max"
"Maximal Depth","Profundidade máxima"
"Maximum Image Size","Tamanho máximo da imagem"
"Maximum Number of Price Intervals","Máximo número de intervalos de preço"
"Maximum Qty Allowed in Shopping Cart","Qtd máxima permitida no carrinho de compras"
"Maximum allowed image size for '%s' is %sx%s px.","Máximo permitido tamanho da imagem para ' %s' é %s x %s px."
"Maximum image height","Altura máxima da imagem"
"Maximum image width","Largura máxima da imagem"
"Maximum number of characters:","Número máximo de caracteres:"
"Maximum number of price intervals is 100","Máximo número de intervalos de preço é de 100"
"Media Image","Mídia imagem"
"Minimum Advertised Price","Mínimo anunciado preço"
"Minimum Lines per Page","Mínimas linhas por página"
"Minimum Qty Allowed in Shopping Cart","Qty mínima permitida no carrinho de compras"
"Minimum Qty for Item\'s Status to be Out of Stock","Qty mínima para o Status do Item\ estar fora de estoque"
"Missing SKU, skipping the record.","Faltando SKU, ignorando o registro."
"More Views","Mais vistas"
Move,Mover-se
"Move category in tree","Mudança de categoria na árvore"
"Must be in the allowed values list.","Deve estar na lista de valores permitidos."
N/A,N/A
Name,Nome
"Name in %s","Nome em %s"
"New Product","Produto novo"
"New Product Attribute","Novo atributo de produto"
"New Products","Novos produtos"
"New Products Grid Template","Novo modelo de grade de produtos"
"New Products List Template","Novo modelo de lista de produtos"
"New Root Category","Nova categoria de raiz"
"New Search","Nova pesquisa"
"New Set Name","Novo nome do conjunto"
"New Subcategory","Nova subcategoria"
"New products","Novos produtos"
Next,Próxima
No,Não
"No image","Nenhuma imagem"
"No layout updates","Não há atualizações de layout"
"No options of this product are available.","Não há opções deste produto estão disponíveis."
"No product collections found.","Não há coleções de produto encontradas."
None,Nenhum
"Not Visible Individually","Não visíveis individualmente"
"Notify Low Stock RSS","Notificar o baixo estoque RSS"
"Notify for Quantity Below","Informe a quantidade abaixo"
"Number of Products per Page","Número de produtos por página"
"Number of Products to Display","Número de produtos para Display"
"Number of Uses","Número de utilizações"
"Number of results","Número de resultados"
"Number of results (For the last time placed)","Número de resultados (pela última vez colocado)"
OK,Razoável
OR,OU
"Old Price:","Preço antigo:"
"On Gesture","No gesto"
"Option validation failed to add product to cart.","Falha de validação de opção Adicionar o produto ao carrinho."
"Option values","Valores de opção"
Option:,Opção:
Options,Opções
"Options Control","Opções de controle"
"Options is required","Opções é necessário"
"Our customer service is available 24/7. Call us at (555) 555-0123.","Nosso serviço ao cliente está disponível 24/7. Ligue para (555) 555-0123."
"Out of Stock","Fora de estoque"
"Out of stock","Fora de estoque"
PM,PM
"Page Title Separator","Separador de título da página"
"Parent Category","Categoria pai"
Pending,Pendente
"Pending Reviews RSS","Pendentes comentários RSS"
Percentage,Porcentagem
"Please add rows to option.","Por favor, adicione linhas a opção."
"Please be careful as once you click on the row it will load package data form the selected file and all unsaved form data will be lost.","Por favor tenha cuidado pois uma vez que você clicar sobre a linha, que ele irá carregar pacote dados forma o arquivo selecionado e todos os dados do formulário não salvas serão perdidos."
"Please click on the Close Window button if it is not closed automatically.","Por favor, clique no botão fechar janela se ele não é fechado automaticamente."
"Please enter a new group name","Por favor, digite um novo nome de grupo"
"Please refresh ""Catalog URL Rewrites"" and ""Product Attributes"" in System -&gt; <a href=""%s"">Index Management</a>","Por favor, atualize o ""Catálogo URL Rewrites"" e ""Atributos do produto"" em sistema -> <a href=""%s""> Índice de gestão</a>"
"Please select a static block ...","Por favor, selecione um bloco estático..."
"Please select items.","Por favor selecione itens."
"Please select one or more attributes.","Por favor, selecione um ou mais atributos."
"Please select product(s).","Por favor selecione o (s)."
"Please select products for attributes update","Por favor selecione produtos para atualização de atributos"
"Please specify date required option(s).","Por favor, especifique opções de data exigida."
"Please specify the number of products, that will not be divided into subintervals.","Por favor, especifique o número de produtos, que não serão divididos em subintervalos."
"Please specify the product required option(s)","Por favor, especifique as opções de produto necessária"
"Please specify the product required option(s).","Por favor, especifique as opções de produto necessária."
"Please specify the product\'s option(s).","Por favor, especifique opção (ões) ao product\."
"Please specify the product\'s required option(s).","Por favor, especifique necessário opção (ões) do product\."
"Please specify the quantity of product(s).","Por favor, especifique a quantidade de produto (s)."
"Please specify time required option(s).","Por favor, especifique a opção (ões) do tempo necessário."
"Please wait...",Aguarde...
Position,Posição
"Position in Layered Navigation","Posição na navegação em camadas"
"Position of attribute in layered navigation block","Posição de atributo no bloco de navegação em camadas"
Prev,Prev
Previous,Anterior
Price,Preço
"Price Navigation Step Calculation","Cálculo do preço navegação passo"
"Price Type","Tipo de preço"
"Price is not available","Preço não está disponível"
"Price values for options should be specified in system base currency.","Preço valores para as opções devem ser especificados na moeda base do sistema."
Price:,Preço:
"Price: %s","Preço: %s"
"Print This Page","Imprimir esta página"
Product,Produto
"Product API","Produto API"
"Product Alerts","Alertas de produto"
"Product Attribute","Atributo de produto"
"Product Attributes","Atributos de produto"
"Product Categories","Categorias de produto"
"Product Description","Descrição do produto"
"Product Extra Info","Produto informação Extra"
"Product Flat Data","Produto plano dados"
"Product ID","ID de produto"
"Product Image Placeholders","Espaços reservados de imagem de produto"
"Product Image Watermarks","Imagem de produto marcas d'água"
"Product Images","Imagens de produto"
"Product Images API","Imagens do produto API"
"Product In Websites","Produto em sites"
"Product Info Column","Coluna de informações do produto"
"Product Information","Informações sobre o produto"
"Product Link Block Template","Modelo de bloco de Link de produto"
"Product Link Inline Template","Produto Link embutido modelo"
"Product Listing Sort by","Produto listagem ordenar por"
"Product Name","Nome do produto"
"Product Prices","Preços do produto"
"Product Reviews","Comentários do produto"
"Product Tags","Tags de produto"
"Product Tier Price API","Preço produto API"
"Product Type","Tipo de produto"
"Product URL Suffix","Produto URL sufixo"
"Product View Extra Hint","Produto vista dica Extra"
"Product attribute sets API","Conjuntos de atributo de produto API"
"Product attributes API","Atributos de produto API"
"Product collection expected.","Coleção de produto esperado."
"Product is not loaded","Produto não está carregado."
"Product links API (related, cross sells, up sells)","Links de produtos API (relacionado, Cruz vende, se vende)"
"Product types API","Tipos de produto API"
"Product with this combination of attributes already associated to configurable.","Produto com esta combinação de atributos já relacionados à configurável."
Products,Produtos
"Products Comparison List","Lista de comparação de produtos"
"Products Information","Informação de produtos"
"Products Reviews","Comentários de produtos"
"Products Sitemap","Produtos mapa do site"
"Products only","Produtos apenas"
"Products per Page on Grid Allowed Values","Produtos por página na grade de valores permitidos"
"Products per Page on Grid Default Value","Produtos por página na grade padrão valor"
"Products per Page on List Allowed Values","Produtos por página na lista de valores permitidos"
"Products per Page on List Default Value","Produtos por página na lista valor padrão"
Properties,Propriedades
Qty,Qty
"Qty Increments","Qty incrementos"
"Qty Uses Decimals","Qty usa casas decimais"
"Qty for Item\'s Status to Become Out of Stock","Qtde de Status do Item\ tornar-se fora de estoque"
Qty:,Qty:
Quantity,Quantidade
"Quick Create","Criar rapidamente"
"Quick Overview","Visão rápida"
"Quick simple product creation","Criação rápida de produto simples"
"Records for ""%s"" store found.","Registros para ""%s"" loja encontrada."
Redirect,Redirecionar
"Redirect URL","Redirecionar URL"
"Regular Price:","Preço normal:"
"Related Products","Produtos relacionados"
Remove,Remover
"Remove Product From Websites","Remover o produto de Websites"
"Remove This Item","Remover este Item"
"Remove attribute from attribute set","Remover o atributo de conjunto de atributo"
"Remove attribute set","Remover o conjunto de atributos"
"Remove custom option","Remova a opção personalizada"
"Remove group from attribute set","Remover o grupo de atributo conjunto"
"Remove option","Remova a opção"
"Remove product assignment","Remover a atribuição de produto"
"Remove product image","Remover a imagem do produto"
"Remove product link","Remover o link do produto"
"Remove value from custom option","Remover o valor da opção personalizada"
"Rename existing group","Renomear Grupo existente"
"Rename group","Renomear Grupo"
"Reorganize EAV category structure to flat structure","Reorganizar a estrutura de categoria EAV para estrutura plana"
"Reorganize EAV product structure to flat structure","Reorganizar a estrutura de produto EAV para estrutura plana"
Reset,Redefinir
Results,Resultados
"Retrieve attribute data","Recuperar dados de atributo"
"Retrieve attribute list","Recuperar a lista de atributos"
"Retrieve attribute options","Recuperar as opções de atributo"
"Retrieve categories tree","Recuperar a árvore de categorias"
"Retrieve category attributes","Recuperar atributos de categoria"
"Retrieve category data","Recuperar dados de categoria"
"Retrieve hierarchical tree","Recuperar a árvore hierárquica"
"Retrieve linked products","Recuperar produtos vinculados"
"Retrieve list of assigned products","Recuperar a lista de produtos atribuídos"
"Retrieve list of option values","Recuperar a lista de valores de opção"
"Retrieve list of product custom options","Recuperar a lista de opções de produtos personalizados"
"Retrieve one level of categories by website/store view/parent category","Recuperar um nível de categorias por categoria de exibição/pai do site/loja"
"Retrieve option value info","Recuperar informação de valor de opção"
"Retrieve product","Recuperar o produto"
"Retrieve product attribute sets","Recuperar conjuntos de atributo de produto"
"Retrieve product image","Recuperar a imagem do produto"
"Retrieve product image list","Recuperar a lista de imagem de produto"
"Retrieve product image types","Recuperar os tipos de imagem de produto"
"Retrieve product link type attributes","Recuperar os atributos de tipo de link de produto"
"Retrieve product link types","Recuperar os tipos de link de produto"
"Retrieve product tier prices","Recuperar preços de nível do produto"
"Retrieve product types","Recuperar os tipos de produto"
"Retrieve products data","Recuperar dados de produtos"
"Retrieve products list by filters","Recuperar a lista de produtos por filtros"
Reviews,Comentários
"Roll Over for preview","Roll sobre para visualização"
Root,Raiz
SKU,SKU
"SKU length should be %s characters maximum.","Comprimento de SKU deve ser %s caracteres no máximo."
Save,Salvar
"Save Attribute","Salvar atributo"
"Save Attribute Set","Salvar conjunto de atributos"
"Save Category","Salvar categoria"
"Save Search","Salvar busca"
"Save and Continue Edit","Salvar e continuar a editar"
"Saved %d record(s)","Salvo %d s"
Scope,"Âmbito de aplicação"
"Scope must not be changed, because the attribute is used in configurable products.","Escopo não deve ser alterado, porque o atributo é usado em produtos configuráveis."
Search,Pesquisa
"Search Engine Optimizations","Otimizações de mecanismo de busca"
"Search Information","Pesquisar informações"
"Search Query","Consulta de pesquisa"
"Search Term with such search query already exists.","Termo de busca com tal consulta de pesquisa já existe."
Searchable,Pesquisável
"See price before order confirmation.","Consulte preço antes da confirmação da encomenda."
"Select Category...","Selecione a categoria..."
"Select Configurable Attributes ","Selecione atributos configuráveis "
"Select Product...","Selecione produto..."
"Select type of option","Seleccione o tipo de opção"
"Select type options required values rows.","Selecione o tipo opções linhas de valores necessários."
"Selected Product Types","Tipos de produto selecionado"
"Send Count","Enviar contagem"
"Set Ascending Direction","Conjunto crescente de direção"
"Set Descending Direction","Definir a direção a descer"
"Set Name","Nome do conjunto de"
"Set Root Category for Store","Categoria conjunto raiz para loja"
"Set root category for this store in the <a href=""%s"">configuration</a>","Categoria raiz definida para esta loja na <a href=""%s""> configuração</a>"
"Set special price","Preço especial"
"Set/Get current store view","Modo de exibição atual loja Get/conjunto"
Settings,Configurações
"Shop By","Loja por"
"Shopping Options","Opções de compras"
Show,Mostrar
"Show Details","Mostrar detalhes"
"Show Tags","Mostrar marcas"
"Simple Product","Produto simples"
"Site Map","Mapa do site"
Sitemap,"Mapa do site"
"Skip import row, is not valid value ""%s"" for field ""%s""","Linha de importação do Skip, não é um valor válido ""%s"" para o campo ""%s"""
"Skip import row, required field ""%s"" for the new customer is not defined.","Linha de importação do Skip, campo obrigatório ""%s"" para o novo cliente não é definido."
"Skip import row, the value ""%s"" is invalid for field ""%s""","Linha de importação do Skip, o valor ""%s"" é inválido para o campo ""%s"""
"Skipping import row, required field ""%s"" for new products is not defined.","Pular linha de importação, exigido campo ""%s"" para novos produtos não está definido."
"Skipping import row, required field ""%s"" is not defined.","Pular linha de importação, exigido campo ""%s"" não está definido."
"Skipping import row, store ""%s"" field does not exist.","Pular linha importação, armazenar ""%s"" campo não existe."
"Skipping import row, the value ""%s"" is not valid for the ""%s"" field.","Ignorando a importar a linha, o valor ""%s"" não é válido para o ""%s"" campo."
"Some of the processed products have no SKU value defined. Please fill it prior to performing operations on these products.","Alguns dos produtos transformados não têm nenhum valor SKU definido. Por favor preenchê-lo antes de executar operações sobre esses produtos."
"Some of the selected item options are not currently available.","Algumas das opções do item selecionado não estão atualmente disponíveis."
"Sort By","Ordenar por"
"Sort Order","Ordem de classificação"
"Source Model","Modelo de fonte"
"Special Expires On: %s","Especial expira em: %s"
"Special Price:","Preço especial:"
"Special Price: %s","Preço especial: %s"
"Starting at:","Começando com:"
Static,Estática
"Static block and products","Produtos e bloco estático"
"Static block only","Bloco estático somente"
Status,Status
"Stock Availability","Disponibilidade de stock"
Store,Loja
"Store View","Vista da loja"
Stretch,Estiramento
"Subscribe to RSS Feed","Assinar Feed RSS"
"Super product attributes configuration","Configuração de atributos de produto super"
"Synonym For","Sinônimo de"
"System Properties","Propriedades do sistema"
"Tag Name","Nome da marca"
Tax,Fiscal
Template,Modelo
Text,Texto
"The Flat Catalog module has a limit of %2\$d filterable and/or sortable attributes. Currently there are %1\$d of them. Please reduce the number of filterable/sortable attributes in order to use this module","O módulo de catálogo plana tem um limite de atributos de %2\$d podem ser filtradas e/ou classificável. Atualmente existem %1\$d deles. Por favor, reduzir o número de atributos filtráveis/classificável para utilizar este módulo"
"The From Date value should be less than or equal to the To Date value.","O valor de data deve ser menor ou igual ao valor de data."
"The attribute code \'%s\' is reserved by system. Please try another attribute code","O atributo código \'%s \' é reservado pelo sistema. Por favor, tente outro código de atributo"
"The attribute model is not defined","O modelo de atributo não é definido"
"The attribute set has been saved.","O conjunto de atributos foi salvo."
"The base directory to upload file is not specified.","O diretório base para carregar o arquivo não for especificado."
"The category has been deleted.","A categoria foi excluída."
"The category has been saved.","A categoria foi salvo."
"The comparison list was cleared.","A lista de comparação foi inocentada."
"The file '%s' for '%s' has an invalid extension","O arquivo ' %s' para ' %s' tem uma extensão inválida"
"The file '%s' you uploaded is larger than %s Megabytes allowed by server","O arquivo ' %s' você upload é maior do que %s Megabytes permitidos pelo servidor"
"The file you uploaded is larger than %s Megabytes allowed by server","O arquivo que você carregou é maior do que %s Megabytes permitidos pelo servidor"
"The filters must be an array.","Os filtros devem ser uma matriz."
"The image contents is not valid base64 data.","O conteúdo da imagem não é válido base64 de dados."
"The image is not specified.","A imagem não é especificada."
"The model collection resource name is not defined.","O nome de recurso de coleção de modelo não está definido."
"The product %s has been added to comparison list.","O produto %s foi adicionado à lista de comparação."
"The product %s has been removed from comparison list.","O produto %s foi removido da lista de comparação."
"The product attribute has been deleted.","O atributo de produto foi excluído."
"The product attribute has been saved.","O atributo do produto tiver sido salvo."
"The product has been created.","O produto foi criado."
"The product has been deleted.","O produto foi excluído."
"The product has been duplicated.","O produto tem sido duplicado."
"The product has been saved.","O produto tiver sido salvo."
"The product has required options","O produto é necessário opções"
"The review has been deleted","A revisão foi excluída"
"The review has been saved.","A revisão foi salvo."
"The review was removed by another user or does not exist.","A revisão foi removida por outro usuário ou não existe."
"The search was deleted.","A pesquisa foi Excluídoda."
"The text is too long","O texto é muito longo"
"There are no %s available.","Há nenhum %s disponível."
"There are no customers for this alert","Não há nenhum cliente para esse alerta"
"There are no customers for this alert.","Não há nenhum cliente para esse alerta."
"There are no products matching the selection.","Não há nenhuma correspondência a seleção de produtos."
"There was an error while request processing.","Ocorreu um erro durante o processamento do pedido."
"This Attribute no longer exists","Este atributo não existe mais"
"This attribute cannot be deleted.","Esse atributo não pode ser excluído."
"This attribute cannot be edited.","Esse atributo não pode ser editado."
"This attribute cannot be updated.","Esse atributo não pode ser atualizado."
"This attribute is used in configurable products.","Esse atributo é usado em produtos configuráveis."
"This attribute is used in configurable products. You cannot remove it from the attribute set.","Esse atributo é usado em produtos configuráveis. Você não pode removê-lo do conjunto de atributo."
"This attribute no longer exists","Este atributo não existe mais"
"This attribute set no longer exists.","Este atributo definido já não existe."
"This group contains attributes, used in configurable products. Please move these attributes to another group and try again.","Este grupo contém atributos, usados em produtos configuráveis. Por favor, mova esses atributos para outro grupo e tente novamente."
"This group contains system attributes. Please move system attributes to another group and try again.","Este grupo contém os atributos de sistema. Por favor mover atributos do sistema para outro grupo e tente novamente."
"This is a required option","Esta é uma opção necessária"
"This product no longer exists.","Este produto não existe mais."
"This search no longer exists.","Esta pesquisa não existe mais."
"This setting will be applied when all prices in the specific price interval are equal.","Essa configuração será aplicada quando todos os preços no intervalo de preço específica são iguais."
"Tier Pricing","Nível de preços"
Tile,Telha
"Time Format","Formato de hora"
Title,Título
"To reindex the enabled product(s), the store or product must be specified","Para reindexar o produto (s) habilitado, a loja ou o produto deve ser especificado"
"To see product price, add this item to your cart. You can always remove it later.","Para ver o preço do produto, adicione este item ao seu carrinho. Você sempre pode removê-lo mais tarde."
Top/Left,"Superior ou esquerda"
Top/Right,"Parte superior/direita"
"Total Qty Base Items","Itens Base total Qty"
"Total incl. Tax: %1$s","Total imposto incl.: %1$ s"
"Total of %d record(s) have been deleted.","Total de %d registro (s) foram excluídos."
"Total of %d record(s) have been updated.","Total de %d registro (s) foram atualizados."
"Total of %d record(s) were updated","Total de %d registro (s) foram atualizados."
Type,Tipo
"URL Rewrite Management","Gestão de reescrita de URL"
"Unable to complete this request.","Não é possível concluir esta solicitação."
"Unable to find a search term to delete.","Incapaz de encontrar um termo de pesquisa para excluir."
"Unable to find an attribute to delete.","Incapaz de encontrar um atributo para excluir."
"Unable to get the product ID.","Não é possível obter o ID do produto."
"Unassigned Attributes","Atributos não atribuídos"
"Unknown EAV indexer type ""%s"".","Tipo de indexador EAV desconhecido ""%s""."
"Unknown attribute: %s.","Atributo desconhecido: %s."
"Unsupported product type ""%s"".","Sem suporte de tipo de produto ""%s""."
Up-sells,Vende-se
Update,Atualização
"Update Attributes","Atributos de atualização"
"Update Tier Price","Atualizar preço"
"Update assigned product","Produto de atualização atribuído"
"Update attribute","Atributo de atualização"
"Update attributes","Atributos de atualização"
"Update category","Categoria de atualização"
"Update custom option of product","Opção de atualização personalizada do produto"
"Update product","Produto de atualização"
"Update product image","Imagem de produto de atualização"
"Update product link","Link de produto de atualização"
"Update product tier prices","Atualizar preços de nível do produto"
"Update value of custom option","Atualizar o valor da opção personalizada"
"Upload new product image ","Carregar a nova imagem de produto "
"Use Canonical Link Meta Tag For Categories","Use o Link canônico Meta Tag para categorias"
"Use Canonical Link Meta Tag For Products","Use o Link canônico Meta Tag para produtos"
"Use Categories Path for Product URLs","Caminho de categorias de uso para URLs de produto"
"Use Config Settings","Use as configurações de configuração"
"Use Default Value","Use o valor padrão"
"Use Flat Catalog Category","Use a categoria catálogo plana"
"Use Flat Catalog Product","Use o produto catálogo plana"
"Use In Layered Navigation","Uso em camadas de navegação"
"Use In Search Results Layered Navigation","Utilização de resultados de pesquisa em camadas de navegação"
"Use JavaScript Calendar","Usar JavaScript calendário"
"Use Static URLs for Media Content in WYSIWYG for Catalog","Usar URLs estáticos para conteúdo de mídia em WYSIWYG para catálogo"
"Use To Create Configurable Product","Use para criar produtos configuráveis"
"Use Tree Like Category Sitemap","Use a árvore como categoria Sitemap"
"Use config","Usar o config"
"Use default","Usar padrão"
"Use for Promo Rule Conditions","Uso para condições de regra Promo"
"Use four-digit year format.","Use o formato de ano de quatro dígitos."
"Use in Advanced Search","Uso em pesquisa avançada"
"Use in Layered Navigation","Uso em camadas de navegação"
"Use in Layered Navigation<br/>(Can be used only with catalog input type 'Dropdown')","Uso na navegação em camadas <br/> (pode ser usado somente com o tipo de entrada de catálogo 'Suspenso')"
"Use in Quick Search","Uso em pesquisa rápida"
"Used for Sorting in Product Listing","Usado para classificação na listagem de produtos"
"Used in Product Listing","Usado na listagem de produtos"
"Value for ""%s"" is invalid.","Valor para o ""%s"" é inválido."
"Value for ""%s"" is invalid: %s","Valor para o ""%s"" é inválido: %s"
Varchar,Varchar
"View as","Ver como"
"Virtual Product","Produto virtual"
Visibility,Visibilidade
Visible,Visível
"Visible on Catalog Pages on Front-end","Visível nas páginas de catálogo no front-end"
"Visible on Product View Page on Front-end","Visível na página de visualização do produto no front-end"
"WYSIWYG Editor","Editor WYSIWYG"
Watermark,"Marca d'água"
"Watermark Default Size","Tamanho padrão de marca d'água"
"Watermark Opacity, Percent","Marca d'água a opacidade, por cento"
"Watermark Position","Posição de marca d'água"
"We Also Recommend","Recomendamos também"
Website,Site
Websites,Websites
"What's this?","O que é isto?"
"Whether to show ""All"" option in the ""Show X Per Page"" dropdown.","Se deseja mostrar a opção ""All"" no menu suspenso 'X mostrar por página'."
"Will make search for the query above return results for this search.","Vai fazer pesquisa para a consulta acima resultados de retorno para esta pesquisa."
"Wrong BuyRequest instance in options group.","Errado BuyRequest instância no grupo de opções."
"Wrong configuration item instance in options group.","Instância de item de configuração errada no grupo de opções."
"Wrong configuration item option instance in options group.","Instância de opção item de configuração errada no grupo de opções."
"Wrong option instance type in options group.","Tipo de instância de opção errada no grupo de opções."
"Wrong option type to get group instance.","Tipo de opção errada para obter a instância de grupo."
"Wrong product instance type in options group.","Tipo de instância de produto errado no grupo de opções."
"Wrong product type filter specified","Filtro de tipo de produto errado especificado"
"Wrong product type to extract configurable options.","Tipo de produto errado para extrair opções configuráveis."
"Year Range","Intervalo de ano"
Yes,Sim
"You cannot remove system attribute from this set.","Você não pode remover o atributo sistema este conjunto."
"You have no items to compare.","Você não tem nenhum item para comparar."
"You may also be interested in the following product(s)","Você pode também estar interessado nos seguintes produtos"
"Zoom In",Zoom
"Zoom Out","Diminuir o zoom"
and,e
"and above","e acima"
categories,Categorias
each,cada
"ex. http://domain.com","ex. http://domain.com"
"leave blank if its not an image","Deixe em branco se não é uma imagem"
"per page","por página"
products,produtos
px.,PX.
save,salvar
"select all","selecionar tudo"
"unselect all","Deselecionar Todos"
x,x
