" But cart has some errors."," Mas o carrinho tem alguns erros."
" Note: Image size affects the performance of your app."," Nota: O tamanho da imagem afeta o desempenho do seu aplicativo."
"""Description"" is more than %d characters long","""Descrição"" é mais do que %d caracteres"
"""Title"" is more than %d characters long","""Título"" é mais do que %d caracteres"
"""id"" attribute is required for a ""%s"" field.","atributo ""id"" é necessário para um ""%s"" campo."
"""line_count"" attribute is required for ""multiline"" element.","""line_count"" atributo é necessário para o elemento ""multiline""."
"""message"" attribute is required for ""%s"" validator rule.","""mensagem"" atributo é necessário para ""%s"" regra do validador."
"%1$s has been added to your wishlist.","%1$ s foi adicionado à sua lista de desejos."
"%1$s incl tax.","imposto de incl %1$ s."
"%@ is not correct","% @ Não é correto"
"%s API Key required.","%s API Key exigidas."
"%s Application ID required.","%s Aplicação ID exigido."
"%s Secret Key required.","%s Secreta chave necessária."
"%s attribute is required.","%s atributo é necessário."
"%s fields is required","%s campos é obrigatório"
"%s has been added to your cart.","%s foi adicionado ao seu carrinho."
"%s id:","%s id:"
"%s was updated in your shopping cart.","%s foi atualizado no seu carrinho de compras."
"(Includes more countries than those listed below. As the application owner, you are responsible for complying with country-specific laws related to the distribution or sale of your application into that country, including your home country.)","(Inclui mais países do que aqueles listados abaixo. Como o proprietário do aplicativo, você é responsável pelo cumprimento das leis específicas do país relacionadas com a distribuição ou a venda de seu aplicativo para aquele país, incluindo o seu país de origem.)"
"* - field is required","* - campo é obrigatório"
"*Subject to change","* Sujeito a alteração"
"1. Please select type of the action:","1. Selecione o tipo da ação:"
"10:40 AM",10:40
"2. Please select a page","2. Por favor, selecione uma página"
"2. Type Category Name","2. Nome de categoria do tipo"
"2. Type Product Name","2. Nome de produto do tipo"
"80px x 80px","80px x 80px"
"80x80 px","80 x 80 px"
"<a href=""%s"" target=""_blank"">Login</a> to Urban Airship.","<a href=""%s"" target=""_blank""> login</a> para Urban dirigível."
"A Catalog Only App will not support functions such as add to cart, add to wishlist, or login.","Um catálogo só App não oferecerá suporte a funções tais como adicionar ao carrinho, adicionem à lista de desejos, ou login."
"A new password has been sent.","Uma nova senha foi enviada."
About,Sobre
"Access forbidden","Acesso proibido"
Account,Conta
"Account Information","Informações da conta"
"Account Settings","Configurações de conta"
"Account confirmation is required. Please check your email for the confirmation link.","Confirmação de conta é necessária. Por favor, verifique seu e-mail para o link de confirmação."
"Account information has been saved.","Informações de conta tem sido salvo."
Action,Ação
"Action type does\'t recognized","Tipo de ação does\ ' t reconhecido"
"Action type does\'t recognized.","Acção tipo does\ ' t reconhecido."
"Action type doesn\'t recognized.","Acção tipo doesn\ ' t reconhecido."
Activate,Ativar
"Activate PayPal Checkout","Ativar PayPal Checkout"
"Activate PayPal MECL","Ativar PayPal MECL"
"Activation Key","Chave de ativação"
Add,Adicionar
"Add Action","Adicionar ação"
"Add Address from Contacts","Adicionar endereços de contatos"
"Add App","Adicionar App"
"Add Custom","Adicionar personalizado"
"Add New Address","Adicionar novo endereço"
"Add New Template","Adicionar novo modelo"
"Add Page","Adicionar página"
"Add To Wishlist","Adicionar à lista de desejos"
"Add a billing address","Adicionar um endereço de cobrança"
"Add a shipping address","Adicionar um endereço de entrega"
"Add to Cart","Adicionar ao carrinho"
"Add to Wishlist","Adicionar à lista de desejos"
"Adding Product to Cart...","Adicionar produto ao carrinho..."
"Adding Product to WishList...","Adicionar produto à lista de desejos..."
"Additional Address","Endereço adicional"
"Additional Info","Informação adicional"
Address,Endereço
"Address 2","Endereço 2"
"Address Book","Livro de endereços"
"Address Book Updated","Agenda atualizada"
"Address Info","Informação de endereço"
"Address book is empty","A agenda está vazia"
"Address data not specified.","Dados de endereço não especificados."
"Address does not belong to this customer.","Endereço não pertence a este cliente."
"Address has been deleted.","Endereço foi excluído."
"Address has been saved.","Endereço foi salvo."
"Admin Application Settings","Configurações do aplicativo admin"
"Admin Mobile Application","Aplicativo Mobile Admin"
"Admin application has not been enabled","Admin aplicativo não tiver sido habilitado"
"Administrative contact for this app and for app submission issues.","Contato administrativo para este app e por questões de apresentação do app."
"Advanced Settings","Configurações avançadas"
"After submitting the App to Magento, please contact <a href=""mailto:%1$s"">%1$s</a> to receive the Application Key, Application Secret and Application Master Secret.","Depois de submeter o App para Magento, entre em contato com <a href=""mailto:%1$s""> %1$ s</a> para receber a chave de aplicativo, aplicativo segredo e aplicação mestre secreto."
"AirMail Message Queue","Fila de mensagens de correio aéreo"
"AirMail Messages Queue","Fila de mensagens de correio aéreo"
"AirMail Template Preview","Visualização de modelo correio aéreo"
"AirMail message","Mensagem de correio aéreo"
"AirMail templates","Modelos de correio aéreo"
"All Allowed Countries","Tudo permitido países"
"All Images","Todas as imagens"
"All locations","Todos os locais"
Amount,Quantidade
"Amount in %@","Quantidade em % @"
Amounts,Montantes
"An account with this email address already exists.","Já existe uma conta com este endereço de e-mail."
"An error occurred while adding item to wishlist.","Ocorreu um erro ao adicionar o item à lista de desejos."
"An error occurred while deleting the address.","Ocorreu um erro ao excluir o endereço."
"An error occurred while loading categories.","Ocorreu um erro ao carregar categorias."
"An error occurred while loading category filters.","Ocorreu um erro ao carregar o filtros de categoria."
"An error occurred while loading configuration.","Ocorreu um erro ao carregar a configuração."
"An error occurred while loading localization.","Ocorreu um erro ao carregar a localização."
"An error occurred while loading login form.","Ocorreu um erro ao carregar o formulário de login."
"An error occurred while loading wishlist.","Ocorreu um erro ao carregar a lista de desejos."
"An error occurred while processing your order. Please contact us or try again later.","Ocorreu um erro ao processar sua ordem. Por favor, entre em contato conosco, ou tente novamente mais tarde."
"An error occurred while processing your request.","Ocorreu um erro ao processar seu pedido."
"An error occurred while removing item from wishlist.","Ocorreu um erro ao remover o item da lista de desejos."
"An error occurred while removing items from wishlist.","Ocorreu um erro ao remover itens da lista de desejos."
Analytics,Analytics
Android,Android
"Android doesn\'t support AirMail message type.","Android doesn\ ' t suporte o tipo de mensagem de correio aéreo."
"App Background","Fundo de App"
"App Background (landscape mode)","Fundo de App (modo paisagem)"
"App Background (landscape mode).","Fundo de App (modo paisagem)."
"App Background (portrait mode)","Fundo de App (modo retrato)"
"App Background (portrait mode).","Fundo de App (modo retrato)."
"App Background image missing.","App fundo imagem faltando."
"App Code","Código app"
"App Information","Informações app"
"App Name","Nome de App"
"App Stores","Lojas de aplicativos"
"App Submission History","História de submissão de App"
"App Title","Título de App"
"App code","Código app"
"App code required.","Necessário código do App."
"App does not exist.","App não existe."
"App has been deleted.","App foi excluído."
"App has been saved.","App foi salvo."
"App has been submitted.","App foi submetido."
"App model not loaded.","Modelo de aplicativo não está carregado."
"App with specified code does not exist.","App com código especificado não existe."
"Appears in the info section of your app (example: Copyright 2010 â Your Company, Inc.)","Aparece na seção de informação de sua app (exemplo: Copyright 2010-sua empresa, Inc.)"
Application,Aplicativo
"Application Key","Chave de aplicativo"
"Application Master Secret","Aplicação mestre secreto"
"Application Name","Nome do aplicativo"
"Application Secret","Segredo de aplicativo"
"Application doesn\'t exist.","Aplicação doesn\ ' t existe."
Apply,Aplicar
"Applying Coupon Code","Aplicar o código de cupom"
"Applying Gift Card %@","Aplicação do presente cartão % @"
"Are you sure you want to cancel a message?","Tem certeza que deseja cancelar uma mensagem?"
"Are you sure you want to cancel selected records?","Tem certeza que deseja cancelar registros selecionados?"
"Are you sure you want to delete a message?","Tem certeza que deseja excluir uma mensagem?"
"Are you sure you want to delete selected records?","Tem certeza que deseja excluir os registros selecionados?"
"Are you sure you want to delete this theme? This change will affect all applications.","Tem certeza que deseja excluir este tema? Essa alteração afetará todos os aplicativos."
"Are you sure you want to do this?","Tem certeza que quer fazer isso?"
"Are you sure you want to remove this item?","Tem certeza que deseja remover este item?"
"As Low As","Tão baixo quanto"
"As Low Excl. Tax","Como baixa imposto excl."
"As Low Incl. Tax","Como baixa imposto incl."
"As a Magento customer, Urban Airship is offering you unlimited Push Notifications and Rich Push for $100/year* along with a 60 day free trial.","Como um cliente de Magento, dirigível urbana está te oferecendo ilimitado notificações Push e Rich Push para US $100 / ano * juntamente com um 60 dias de avaliação gratuita."
"As low as","Tão baixo quanto"
"As low as excl. tax","Tão baixo quanto fiscais excl."
"As low as incl. tax","Tão baixo quanto imposto incl."
"At last one application has to be created.","Finalmente, uma aplicação tem de ser criado."
"At least one option should be selected","Pelo menos uma opção deve ser selecionada"
"Authentication complete.","Autenticação completa."
"Authentication to %@ did failed...","Autenticação para % @ que falha..."
"Average Order Amount","Quantidade de ordem média"
"Average Orders","Média de ordens"
"Average Rating","Classificação média"
Back,Voltar
"Back to App Edit","Voltar à App editar"
"Background Color","Cor de fundo"
Balance,Equilíbrio
"Balance Change","Mudança de equilíbrio"
"Balance History","História de equilíbrio"
"Banner on Home Screen","Banner na tela inicial"
"Banner on Home Screen (landscape mode)","Banner na Home Screen (modo paisagem)"
"Banner on Home Screen (landscape mode) image missing.","Banner na Home Screen (modo paisagem) imagem faltando."
"Banner on Home Screen (portrait mode)","Banner na Home Screen (modo retrato)"
"Banner on Home Screen (portrait mode) image missing.","Banner na Home Screen (modo retrato) imagem faltando."
"Banner on Home Screen image missing.","Banner na Home Screen imagem faltando."
"Banners on Home Screen","Banners na tela inicial"
"Best Sellers",Best-Sellers
Billing,Faturamento
"Billing Address","Endereço de facturação"
"Billing address","Endereço de facturação"
"Billing address has been set.","Endereço de faturamento foi definido."
"Bundle Products","Pacote de produtos"
"Buy %1$s for %2$s","Comprar %1$ s por %2$ s"
"Buy %1$s for %2$s (%3$s incl. tax) each","Comprar %1$ s por %2$ s (%3$ s com incl. imposto) cada"
"Buy %1$s for %2$s each","Comprar %1$ s por %2$ s cada"
"Buy %1$s with %2$s discount each","Comprar %1$ s %2$ s desconto cada"
"Buy More & Save","Comprar mais & salvar"
"Buyer country is not allowed by store.","País do comprador não é permitido pela loja."
"CMS Page","Página CMS"
"CMS Pages haven\'t been found.","Páginas CMS haven\ ' t foi encontrado."
"Cache Lifetime (seconds)","Vida de cache (segundos)"
"Cache Management","Gerenciamento de cache"
"Can\'t add item to shopping cart.","Can\ ' t Adicionar item ao carrinho de compras."
"Can\'t apply the coupon code.","Can\ ' t aplicar o código do cupom."
"Can\'t copy file ""%s"" to ""%s"".","Can\ ' t Copie o arquivo ""%s"" para ""%s""."
"Can\'t create wishlist.","Can\ ' t criar lista de desejos."
"Can\'t delete ""%s"" theme.","Can\ ' t excluir ""%s"" tema."
"Can\'t load XML.","Can\ ' t carregar XML."
"Can\'t load admin application settings.","Can\ ' t carregar as configurações do aplicativo de admin."
"Can\'t load application with id ""%s""","Can\ ' t carregar o aplicativo com o id ""%s"""
"Can\'t load cart info.","Can\ ' t carregar informações de carrinho."
"Can\'t load cart.","Can\ ' t carregar o carrinho."
"Can\'t load customer form.","Can\ ' t carregar formulário de cliente."
"Can\'t load default themes.","Can\ ' t carregar temas padrão."
"Can\'t load selected theme. Please check your media folder permissions.","Can\ ' t carregar o tema seleccionado. Por favor, verifique suas permissões de pasta de mídia."
"Can\'t load template with id ""%s""","Can\ ' t carregar modelo com id ""%s"""
"Can\'t open submission form.","Can\ abrir formulário de submissão."
"Can\'t read file ""%s"".","Can\ ' t ler arquivo ""%s""."
"Can\'t remove the item.","Can\ ' t remover o item."
"Can\'t reset theme.","Can\ ' t redefinir o tema."
"Can\'t save address.","Can\ ' t salvar o endereço."
"Can\'t save the customer.","Can\ ' t salvar o cliente."
"Can\'t save theme.","Can\ ' t salvar tema."
"Can\'t show configuration.","Can\ mostrar configuração."
"Can\'t specify product.","Can\ ' t especificar o produto."
"Can\'t submit application.","Can\ ' t apresentar a candidatura."
"Can\'t update cart.","Can\ ' t atualizar carrinho."
"Can\'t write to file ""%s"".","Can\ ' t gravar no arquivo ""%s""."
Cancel,Cancelar
Canceled,Cancelado
"Canceling PayPal ...","Cancelando o PayPal..."
Cancelled,Cancelado
"Cannot apply gift card.","Não é possível aplicar o cartão de presente."
"Cannot configure product.","Não é possível configurar o produto."
"Cannot load theme ""%s"".","Não é possível carregar o tema ""%s""."
"Cannot redeem Gift Card.","Não pode redimir o Gift Card."
"Cannot remove gift card.","Não é possível remover o cartão de presente."
"Cannot save theme ""%s"". Incorrect data received","Não pode salvar o tema ""%s"". Dados incorretos recebidos"
"Cannot update the item.","Não é possível atualizar o item."
"Card Verification Number","Número de verificação de cartão"
"Card verification number is wrong","Número de verificação de cartão está errado"
Carrier,Transportadora
Cart,Carrinho
"Cart Updated","Carrinho atualizado"
"Cart has been updated.","Carrinho foi atualizado."
"Cart has some errors.","Carrinho tem alguns erros."
"Cart is empty.","Carrinho está vazio."
"Catalog Only App?","Catálogo único App?"
Category,Categoria
"Category Button Color","Cor do botão de categoria"
"Category Item Background Color","Cor de fundo de Item de categoria"
Cc:,CC:
Chairs,Cadeiras
"Change Orientation","Alterar a orientação"
"Change Password","Alterar senha"
"Changes have been saved to theme.","As alterações foram salvas ao tema."
Check,Seleção
"Check Gift Card","Verificar o cartão de presente"
"Check Gift Card Promo Redeemed","Verificar o cartão de presente Promo redimido"
"Checking Gift Card %@","Verificação de Gift Card % @"
Checkout,Check-out
"Checkout Page Registration","Registro de página de checkout"
"Checkout as Guest","Check-out como convidado"
"Checkout as Guest or Register","Check-out como convidado ou registrar"
"Checkout has been initialized.","Check-out foi inicializado."
"Checkout initialization...","Inicialização de check-out..."
"Checkout initialized!","Check-out inicializado!"
"Choose Store View","Escolha Visualizar loja"
"Choose amount","Escolha a quantidade"
"Choose file","Escolha ' arquivo '"
City,Cidade
Clear,Clara
Close,Fechar
"Color Themes","Temas de cores"
Colors,Cores
"Commiting updates...","Atualizações de cometer..."
Company,Empresa
Completed,Concluído
"Configuration data have been saved","Dados de configuração foram salvos"
"Configure Cart Item","Configurar o Item do carrinho"
"Confirm New Password","Confirmar nova senha"
"Confirm Password","Confirmar senha"
Connecting,Conectando-se
"Connection Error\nWe\'re sorry. The app is experiencing connection problems. The app requires a network connection to operate.","Conexão Error\nWe\ lamenta. O app está enfrentando problemas de conexão. O app requer uma conexão de rede para operar."
"Contact Email","E-mail de contato"
"Contact Information","Informações de contato"
ContactsAreEmpty,ContactsAreEmpty
"Container is not defined.","Recipiente não está definido."
Content,Conteúdo
Continue,Continuar
Copyright,Copyright
"Copyright Page Logo","Copyright página logotipo"
"Copyright Page Logo (iPhone 4 retina)","Copyright Page Logo (iPhone 4 retina)"
"Copyright: Magento (c) 2010","Copyright: Magento (c) 2010"
Countries,Países
"Countries Payment Applicable From","Pagamento de países aplicável a partir de"
Country,País
"Country options don\'t recognized for ""%s"".","Opções de país don\ ' t reconhecida por ""%s""."
"Coupon code %s is not valid.","Código de cupom %s não é válido."
"Coupon code %s was applied.","Código de cupom %s foi aplicado."
"Coupon code is empty.","Código de cupom é vazio."
"Coupon code was canceled.","Código de cupom foi cancelado."
"Create Account","Criar conta"
"Create an Account","Criar uma conta"
"Creating a Template is allowed only for applications which have device type iPhone.","Criando um modelo é permitido somente para aplicativos que têm o dispositivo tipo iPhone."
"Credit Card","Cartão de crédito"
"Credit Card %s","Cartão de crédito %s"
"Credit Card Number","Número de cartão de crédito"
"Credit Card Type","Tipo de cartão de crédito"
"Credit card number does not match credit card type.","Número de cartão de crédito não coincide com o tipo de cartão de crédito."
"Cross Sells","Cruz vende"
"Current Balance: %s","Saldo atual: %s"
"Current Password","Senha atual"
"Currently, the system does not support the viewing of the order detail.","Atualmente, o sistema não suporta a visualização de detalhes da ordem."
"Custom App Icon","Ícone de aplicativo personalizado"
"Custom App Icon (iPhone 4 retina)","Ícone personalizado do App (iPhone 4 retina)"
"Custom Colors","Cores personalizadas"
"Custom amount","Quantidade personalizada"
Customer,Cliente
"Customer Name","Nome do cliente"
"Customer authentication problem.","Problema de autenticação do cliente."
"Customer balance available in enterprise version of Magento only.","Saldo de cliente disponível na versão do Magento enterprise só."
"Customer balance is disabled for current store","Saldo do cliente é desabilitado para loja atual"
"Customer email not specified.","E-mail do cliente não especificado."
"Customer logout problem.","Problema de logout do cliente."
"Customer not logged in.","Cliente não está logado."
Customers,Clientes
DD,DD
Date,Data
"Date Created","Data de criação"
"Date Submitted","Data enviada"
"Date Updated","Data atualizada"
Date:,Data:
Day,Dia
"Deeper Messaging and Engagement with Rich Push.","Mensagens mais profundas e engajamento com Rich Push."
"Default Billing Address","Endereço de cobrança padrão"
"Default Shipping Address","Endereço de entrega padrão"
"Default Theme","Tema padrão"
"Default themes are missed.","Temas padrão são perdidos."
Delete,Excluir
"Delete Action","Excluir a ação"
"Delete theme","Excluir tema"
Deleted,Eliminado
Description,Descrição
"Description that appears in Android Market. %s chars maximum. ","Descrição que aparece no Android Market. %s máximo de caracteres. "
"Description that appears in the iTunes App Store. %s chars maximum. ","Descrição que aparece no iTunes App Store. %s máximo de caracteres. "
"Deselect All","Desmarcar tudo"
Design,Design
Device,Dispositivo
"Device Information","Informações do dispositivo"
"Device Type","Tipo de dispositivo"
"Device doesn\'t recognized","Dispositivo doesn\ ' t reconhecido"
"Device doesn\'t recognized. Unable to load a template.","Dispositivo doesn\ ' t reconhecido. Não é possível carregar um modelo."
"Device doesn\'t recognized: ""%s"". Unable to load a helper.","Dispositivo doesn\ ' t reconhecido: ""%s"". Não é possível carregar um auxiliar."
"Device doesn\'t recognized: ""%s"". Unable to load preview model.","Dispositivo doesn\ ' t reconhecido: ""%s"". Não é possível carregar o modelo de visualização."
"Device type doesn\'t recognized.","Dispositivo tipo doesn\ ' t reconhecido."
"Discount code is empty","Código de desconto está vazio"
Discount:,Desconto:
Done,Feito
"Downloadable Products Updated","Produtos para download atualizados"
"Downloads limit:","Limite de downloads:"
E-mail,E-mail
Edit,Editar
"Edit Action","Editar ação"
"Edit Address","Editar endereço"
"Edit AirMail Message","Editar mensagem de correio aéreo"
"Edit AirMail Message Queue #%s","Editar mensagem de correio aéreo fila #%s"
"Edit App ""%s""","Editar App ""%s"""
"Edit Filter","Editar Filtro"
"Edit Image","Editar imagem"
"Edit Mail List","Editar a lista de correio"
"Edit Template ""%s""","Editar modelo ""%s"""
"Edit filter","Editar Filtro"
"Edit note","Editar nota"
"Either remote URL or application code was not set. Please make sure you filled all the values and try again.","Remoto URL ou código do aplicativo não foi definido. Por favor, verifique se que você preencheu todos os valores e tente novamente."
"Element with id %s already exists","Elemento com id %s já existe"
Email,Email
"Email Address","Endereço de e-mail"
"Email address you provided is not valid. Please provide a valid one.","Endereço de e-mail que você forneceu não é válido. Por favor, forneça um válido."
"Email is not correct","E-mail não está correto"
"Email is not specified","E-mail não é especificado."
"Enable Admin Application","Habilitar aplicativo Admin"
"Enable AirMail Message Push notification","Habilitar a notificação Push de mensagem de correio aéreo"
"Enable Facebook","Habilitar o Facebook"
"Enable Flurry Analytics","Habilitar Flurry Analytics"
"Enable Flurry Analytics for the merchant.","Habilite Flurry Analytics para o comerciante."
"Enable LinkedIn","Habilitar o LinkedIn"
"Enable Standard Checkout","Habilitar verificação padrão"
"Enable Twitter","Habilitar o Twitter"
"Enter Name","Digite o nome"
"Enter discount code first.","Inserir o código de desconto primeiro."
"Enter discount code if any","Inserir o código de desconto, se for o caso"
"Enter e-mail","Digite o e-mail"
"Enter giftcard promo code here","Digite o código promocional de giftcard aqui"
"Enter text","Digite o texto"
"Enter the gift card code","Digite o código do cartão de presente"
Error,Erro
"Error Loading Configuration Format","Formato de configuração de carregamento de erro"
"Error during shortening url","Erro durante o encurtamento de url"
"Error message text is missed.","Texto da mensagem de erro é perdido."
"Error while processing file ""%s"".","Erro durante o processamento de arquivo ""%s""."
"Error while reading data from Payment Bridge. Please, try again.","Erro ao ler dados da ponte de pagamento. Por favor, tente novamente."
"Error while reading remote data","Erro ao ler dados remotos"
"Error while uploading file ""%s"".","Erro ao carregar o arquivo ""%s""."
"Error while uploading file ""%s"". Disallowed file type. Only ""jpg"", ""jpeg"", ""gif"", ""png"" are allowed.","Erro ao carregar o arquivo ""%s"". Não permitido o tipo de arquivo. Apenas ""jpg"", ""jpeg"", ""gif"", ""png"" é permitido."
"Excl. Tax","Fiscais excl."
"Expiration Date - Month","Data de validade - mês"
"Expiration Date - Year","Data de validade - ano"
"Expires: %s","Expira: %s"
"Extend the life of your app with Urban Airship Push Notifications.","Prolongar a vida útil do seu aplicativo com Urban dirigível Push Notifications."
Extensions,Extensões
"FILTERS APPLIED","FILTROS APLICADOS"
Facebook,Facebook
"Facebook API","Facebook API"
"Facebook Application ID","ID do aplicativo de Facebook"
"Facebook post failed...","Facebook post falhou..."
Fax,Fax
"File can\'t be uploaded.","Arquivo can\ ' t ser carregado."
"File doesn\'t exist ""%s"".","Arquivo doesn\ ' t existe ""%s""."
Filter,Filtro
Filters,Filtros
"First Name","Primeiro nome"
"Fixed amounts","Montantes fixos"
"Flurry API Code","Enxurrada API código"
"Flurry Analytics","Flurry Analytics"
"Flurry Analytics Site","Flurry Analytics Site"
Fonts,Fontes
"Forgot Password","Esqueci a senha"
"Forgot Password?","Esqueceu a senha?"
"Forgot your password?","Esqueceu sua senha?"
Form,Formulário
Free,Grátis
From,De
"From Excl. Tax","De imposto excl."
"From Incl. Tax","De imposto incl."
"From excl. tax","De imposto excl."
"From incl. tax","De imposto incl."
"Full Description","Descrição completa"
"Funk Leaf","Folha de funk"
Gallery,Galeria
General,Geral
"Generate Offline Catalog","Gerar catálogo Offline"
"Get Content from CMS Page","Obter o conteúdo da página do CMS"
"Gift Card ""%s"" was added.","Cartão de presente ""%s"" foi adicionado."
"Gift Card ""%s"" was redeemed.","Cartão de presente ""%s"" foi redimida."
"Gift Card ""%s"" was removed.","Cartão de presente ""%s"" foi removido."
"Gift Card (%s)","Cartão de presente (%s)"
"Gift Card amount applied to order: %s","Quantidade de cartão presente aplicada a ordem: %s"
"Gift Card code is empty.","Código do cartão presente é vazio."
"Gift Card: %s","Cartão do presente: %s"
"Gift card account available in enterprise version of Magento only.","Conta de cartão de presente disponível na versão do Magento enterprise só."
"Giftcard promo code","Giftcard código de promo"
"Grand Total","Total geral"
"Grand Total (Excl. Tax)","Total geral (excluindo impostos)"
"Grand Total (Incl. Tax)","Total geral (incl. imposto)"
Guest,Comentários
"Header Background Color","Cor de fundo do cabeçalho"
"Header Font Color","Cor da fonte de cabeçalho"
"High Resolution Application Icon","Ícone de aplicativo de alta resolução"
Home,Casa
"Hot Red","Vermelho quente"
"How do you rate this product?","Como você avalia este produto?"
"How to incorporate Urban Airship within your application:","Como incorporar o dirigível urbanas dentro de seu aplicativo:"
"I Agree",Aceito
"I agree to the Terms and Conditions","Concordo com os termos e condições"
ID,ID
"Icon that will appear on the user\'s device after they download your app.","Ícone que aparecerá no dispositivo do user\ depois de baixar o app."
"Icon that will appear on the user\'s device after they download your app. You do not need to apply a gradient or soft edges (this is done automatically by Apple).","Ícone que aparecerá no dispositivo do user\ depois de baixar o app. Você não precisa aplicar um gradiente ou macio bordas (isto é feito automaticamente pela Apple)."
"Icon that will appear on the user\'s phone after they download your app.  You do not need to apply a gradient or soft edges (this is done automatically by Apple).","Ícone que irá aparecer no telefone do user\ depois de baixar o app.  Você não precisa aplicar um gradiente ou macio bordas (isto é feito automaticamente pela Apple)."
"Icon that will appear on the user\'s phone after they download your app. You do not need to apply a gradient or soft edges (this is done automatically by Apple).","Ícone que irá aparecer no telefone do user\ depois de baixar o app. Você não precisa aplicar um gradiente ou macio bordas (isto é feito automaticamente pela Apple)."
Icons,Ícones
"If leave this field empty, the message will be sent immediately","Se deixar este campo vazio, a mensagem será enviada imediatamente"
"If you want to disable the cache on the application side, leave the field empty. Warning! When disabling cache, the application will take time to load each page.","Se você quiser desativar o cache do lado do aplicativo, deixe o campo em branco. Aviso! Ao desabilitar o cache, o aplicativo vai levar tempo para carregar cada página."
"Image %s is required.","Imagem %s é necessária."
"Image action has been saved.","Ação de imagem foi salva."
"Image does not exist. Please reload this page.","Imagem não existe. Por favor recarregue esta página."
"Image file was not found.","Arquivo de imagem não foi encontrado."
"Image has been deleted.","Imagem foi Excluídoda."
"Image id is required.","Id de imagem é necessária."
"Image limits don\'t recognized for ""%s"" image type","Imagem limita don\ ' t reconhecida por ""%s"" tipo de imagem"
"Image that appears on first screen while your app is loading.","Imagem que aparece na primeira tela enquanto seu aplicativo é carregado."
"Image type doesn\'t recognized: ""%s"".","Tipo de imagem doesn\ ' t reconhecido: ""%s""."
"Image type is required.","Tipo de imagem é necessário."
Images,Imagens
"Images order has been updated.","Ordem de imagens foi atualizado."
"In Queue","Na fila"
"In Stock","Em estoque"
"In addition, click here to review Urban Airship\'s Terms of Service: <a href=""%s"" target=""_blank"">click here</a>.","Além disso, clique aqui para rever termos de serviço de urbano Airship\: <a href=""%s"" target=""_blank""> clique aqui</a>."
"In order to resubmit your app, you need to first purchase a <a href=""%s"" target=""_blank"">%s</a> from MagentoCommerce","Para reenviar o seu aplicativo, você precisa primeiro comprar um <a href=""%s"" target=""_blank""> %s</a> de MagentoCommerce"
"In order to submit your app, you need to first purchase a <a href=""%s"" target=""_blank"">%s</a> from MagentoCommerce","Para submeter seu aplicativo, você precisa primeiro comprar um <a href=""%s"" target=""_blank""> %s</a> de MagentoCommerce"
"Inactive Tabs","Abas inativas"
"Incl. Tax","Imposto incl."
"Incl. tax","Imposto incl."
"Initialization PayPal ...","Inicialização PayPal..."
"Initialization of the PayPal checkout failed!","Falha na inicialização de checkout do PayPal!"
"Invalid XML.","XML inválido."
"Invalid current password.","Senha atual inválida."
"Invalid customer data.","Dados de cliente inválido."
"Invalid data.","Dados inválidos."
"Invalid email address.","Endereço de e-mail inválido."
"Invalid item or wishlist.","Item inválido ou lista de desejos."
"Invalid login or password.","Login inválido ou senha."
"Invalid shipping method.","Método de envio inválido."
"Issue Number","Número de emissão"
"It\'s not allowed to delete submitted application.","It\ não é permitido excluir aplicativo enviado."
Item,Item
"Item Options","Opções de item"
"Item has been added to cart.","Item foi adicionado ao carrinho."
"Item has been deleted from cart.","Item foi excluído do carrinho."
"Item has been removed from wishlist.","Item tiver sido removido da lista de desejos."
Items,Itens
"Items were updated. But can\'t update wishlist.","Itens foram atualizados. Mas can\ ' t atualizar lista de desejos."
"Keep your image size below %s KB for optimal performance.","Manter o tamanho da imagem abaixo %s KB para um desempenho ideal."
Key,Me?
Keywords,Palavras-chave
Label,Rótulo
"Landscape app Background","Paisagem app fundo"
"Landscape banners on Home Screen","Paisagem banners na Home Screen"
"Large iTunes Icon","ITunes grande ícone"
"Large icon that appears in the iTunes App Store. You do not need to apply a gradient or soft edges (this is done automatically by Apple).","Grande ícone que aparece no iTunes App Store. Você não precisa aplicar um gradiente ou macio bordas (isto é feito automaticamente pela Apple)."
"Last 5 Orders","Últimos 5 pedidos"
"Last 5 Search Terms","Última 5 termos de pesquisa"
"Last Name","Último nome"
"Last update: %@","Última actualização: % @"
"Lifetime Sales","Vendas de vida"
LindedIn,LindedIn
Link:,Link:
LinkedIn,LinkedIn
"LinkedIn API","LinkedIn API"
"LinkedIn API Key","Chave de API do LinkedIn"
"LinkedIn Authorization","Autorização de LinkedIn"
"LinkedIn Autorization","Autorização de LinkedIn"
"LinkedIn Secret Key","Chave de segredo do LinkedIn"
"Linkedin post failed...","LinkedIn post falhou..."
"List of downloadable products is empty","Lista de produtos para download está vazia"
"Load more items","Carregar mais artigos"
"Loader Splash Screen","Tela de Splash do carregador"
"Loader Splash Screen (iPhone 4 retina)","Tela de Splash do carregador (iPhone 4 retina)"
"Loader Splash Screen (landscape mode)","Tela de Splash do carregador (modo paisagem)"
"Loader Splash Screen (portrait mode)","Tela de Splash do carregador (modo retrato)"
"Loading %@...","Carregamento % @..."
"Loading Account Form...","Forma de carregamento conta..."
"Loading Address Book...","Carregar o catálogo de endereços..."
"Loading Address Form...","Formulário de endereço de carregamento..."
"Loading CMS page ...","Página do CMS de carregamento..."
"Loading Cart...","Carregar o carrinho..."
"Loading Gallery...","Carregando galeria..."
"Loading Login Form...","Carregar o formulário de Login..."
"Loading My Downloadable Products...","Carregar meus produtos para download..."
"Loading Order Details","Detalhes de ordem de carregamento"
"Loading Orders List...","Lista de ordens de carga..."
"Loading Preview...","Carregando Preview..."
"Loading Product Options...","Opções de carregamento do produto..."
"Loading Products...","Carregando produtos..."
"Loading Registration Form...","Carregar o formulário de inscrição..."
"Loading Restore Password Form...","Formulário de senha de restauração de carregamento..."
"Loading Store Credit...","Carregamento de crédito na loja..."
"Loading WishList...","Carregar a lista de desejos..."
"Loading Write Review Form...","Formulário de avaliação do carregamento escrever..."
"Loading category ...","Categoria de carregamento..."
"Loading more items...","Carregar mais itens..."
"Loading product ...","Produto de carregamento..."
"Loading shipping methods ...","Métodos de transporte de carga..."
Loading...,Carregar...
Locations,Locais
"Log In","Iniciar sessão"
"Log Out","Efetuar logout"
"Log in to Admin Panel","Faça login no painel de Admin"
"Log into Account","Faça login na conta"
"Log into your account","Acesse sua conta"
"Log out Account","Registrar conta"
LogInMessageTitle,LogInMessageTitle
"Login and password are required.","Login e senha são necessários."
"Logo in Header","Logotipo no cabeçalho"
"Logo in Header image missing.","Logotipo no cabeçalho imagem faltando."
"Logout complete.","Logout completa."
"MEP is PayPal\'s native checkout experience for the iPhone. You can choose to use MEP alongside standard checkout, or use it as your only checkout method for Magento mobile. PayPal MEP requires a <a href=""%s"">PayPal business account</a>","MEP é experiência de checkout nativo do PayPal\ para o iPhone. Você pode optar por usar MEP ao lado de check-out padrão, ou usá-lo como seu único método de checkout para Magento móvel. PayPal MEP requer uma <a href=""%s""> conta PayPal</a>"
MM,MM
"Mailbox title","Título de caixa de correio"
"Main Tabs","Principais guias"
"Make Inactive","Tornar inativo"
"Make this app available in the following territories","Disponibilizar este app nos seguintes territórios"
"Manage Apps","Gerenciar aplicativos"
"Manage Mobile App","Gerenciar aplicativo móvel"
"Maximum length is 140","Comprimento máximo é de 140"
"Maximum length is 255","Comprimento máximo é 255"
"Maximum size: %s KB.","Tamanho máximo: %s KB."
"Maximum: %.2f","Máxima: %.2f"
"Merchant Label","Rótulo mercante"
Merge,Mesclagem
Message,Mensagem
"Message Queue","Fila de mensagens"
"Message Settings","Configurações de mensagem"
"Message Templates","Modelos de mensagem"
"Message Title","Título da mensagem"
"Message Type","Tipo de mensagem"
"Message can be edited when status of the message is ""In Queue"" only.","Mensagem pode ser editada quando o status da mensagem só está ""Na fila""."
"Message content","Conteúdo da mensagem"
"Message text is missed.","Texto da mensagem é perdido."
"Message title","Título da mensagem"
"Message too long, please use 140 symbols","Mensagem muito tempo, por favor, use 140 símbolos"
"Message type doesn\'t recognized","Tipo de mensagem doesn\ ' t reconhecido"
Minimize,Minimizar
"Minimum %@, maximum %@","Mínimo % @, % máxima @"
"Minimum: %.2f","Mínimo: %.2f"
Mobile,Mobile
"Mobile Express Checkout has been canceled.","Mobile Express Checkout foi cancelada."
"Mobile Express Checkout processed successfully.","Mobile Express Checkout processada com êxito."
Month,Mês
More,Mais
"More Info","Mais informação"
"More Tabs","Mais guias"
"Most Viewed Products","Produtos mais vistos"
"My Account","Minha conta"
"My Downloadable Products","Meus produtos para download"
"My Orders","Minhas ordens"
"My Wishlist","Minha lista de desejos"
Name,Nome
"Name on Card","Nome no cartão"
"Name that appears beneath your app when users install it to their device. We recommend choosing a name that is 10-12 characters and that your customers will recognize. %s chars max.","Nome que aparece abaixo de seu app quando usuários instalação-lo para seu dispositivo. Recomendamos escolher um nome que é 10-12 caracteres e que seus clientes vão reconhecer. %s chars max."
"New AirMail Message","Nova mensagem de correio aéreo"
"New AirMail Message Queue","Nova fila de mensagens de correio aéreo"
"New App","Novo App"
"New Customers","Novos clientes"
"New Password","Nova senha"
"New Template","Novo modelo"
"New to Our Store?","Novo em nossa loja?"
Nickname,Alcunha
No,Não
"No Payment Information Required","Nenhuma informação de pagamento exigida"
"No Ratings","Sem votos"
"No internet connection. Retry later ...","Sem conexão à internet. Tente novamente mais tarde..."
"No items were specifed to update.","Não há itens foram especificado para atualizar."
"No items were updated.","Não há itens foram atualizados."
"No product selected.","Nenhum produto selecionado."
"No products found. Please retry with other term","Nenhum produto encontrado. Por favor, tente novamente com outro termo"
"No shipping method required.","Nenhum método de transporte necessário."
"No such file ""%s"".","Não existe tal arquivo ""%s""."
"Not Submitted","Não enviado"
"Note: Image size affects the performance of your app.","Nota: O tamanho da imagem afeta o desempenho do seu aplicativo."
Notice,Aviso
"Number of Orders","Número de pedidos"
"Number of Uses","Número de utilizações"
OK,Razoável
"OR, Pay with Standard Checkout","OU, pagamento com check-out padrão"
"Offline Catalog","Catálogo offline"
"Offline cart stored on server","Carrinho offline armazenado no servidor"
"Offline catalog export complete.","Exportação de catálogo offline completa."
"Offline catalog export failed.","Exportação de catálogo offline falhada."
"One or more keywords that describe your app. Keywords are matched to users\' searches in the App Store and help return accurate search results. Separate multiple keywords with commas. 100 chars is maximum.","Uma ou mais palavras-chave que descrevem o seu app. palavras-chave é compatíveis com users\' pesquisas na App Store e resultados de pesquisa precisos retorno de ajuda. Separe várias palavras-chave por vírgulas. 100 chars é máxima."
"Onepage checkout is disabled.","Check-out Geoparques é desativado."
"Only custom theme can be deleted","Só tema personalizado pode ser excluído"
"Only default theme can be reset","Só o tema padrão pode ser restaurado."
"Only free apps are allowed in this version.","Apenas aplicativos gratuitos são permitidos nesta versão."
"Only registered users can write reviews. Please, log in or register.","Apenas usuários cadastrados podem escrever comentários. Por favor, login ou registre-se."
Open,Aberto
Options,Opções
"Options menu items","Itens de menu de opções"
Order,Ordem
"Order #","Ordem #"
"Order #%s - %s","Ordem #%s-%s"
"Order Date: %s","Data de fim: %s"
"Order Details Updated","Detalhes do pedido atualizados"
"Order ID","ID da encomenda"
"Order ID:","ID da encomenda:"
"Order Info","Informação de ordem"
"Order List Updated","Ordem lista atualizada"
"Order Number","Número de ordem"
"Order Review","Revisão da ordem"
"Order canceled","Ordem cancelada"
"Order failed","Ordem falhado"
"Order id is not specified.","Id do pedido não for especificado."
"Order is not available.","Ordem não está disponível."
Ordered,Ordenou
"Ordered Items","Ordenou itens"
Orders,Ordens
"Other amount","Outra quantidade"
"Out of Stock","Fora de estoque"
"Output format is not specified. Please, specify ""format"" key in constructor, or set it using setFormat().","Formato de saída não for especificado. Por favor, especificar o ""formato"" chave no construtor, ou defini-la usando o setFormat()."
"Overall Activity","Atividade global"
"POST data is not valid.","Dados de postagem não são válidos."
Pages,Páginas
Password,Senha
"Password fields cannot be empty.","Campos de senha não podem ser vazios."
"Password is not specified","Senha não for especificada."
Password:,Senha:
PayPal,PayPal
"PayPal Checkout","PayPal Checkout"
"PayPal MECL is the mobile version of PayPal\'s Express Checkout service. You can choose to use MECL alongside standard checkout, or use it as your only checkout method for Magento Mobile.","PayPal MECL é a versão móvel do serviço de check-out Express do PayPal\. Você pode optar por usar MECL juntamente com check-out padrão, ou usá-lo como seu único método de check-out para o Magento Mobile."
"PayPal MEP","PayPal MEP"
"PayPal Mobile Embedded Payment (MEP)","PayPal Mobile incorporado pagamento (MEP)"
"PayPal Mobile Express Checkout","Mobile PayPal Express Checkout"
"PayPal Mobile Express Checkout Library (MECL)","Mobile PayPal Express Checkout biblioteca (MECL)"
"PayPal Mobile Express Checkout Token does not exist.","PayPal Mobile Express Checkout Token não existe."
"Payer Email: %s","E-mail do autor: %s"
"Payment Applicable From","Pagamento aplicável a partir de"
"Payment Bridge module unavailable.","Módulo de pagamento ponte indisponível."
"Payment Information","Informações de pagamento"
"Payment Method","Método de pagamento"
"Payment Method has been set.","Método de pagamento foi definido."
"Payment Methods","Métodos de pagamento"
"Payment method","Método de pagamento"
"Payment method was successfully set.","Método de pagamento foi definido com êxito."
"Paypal MEP doesn\'t support checkout with any discount.","MEP paypal doesn\ ' t suporte checkout com qualquer desconto."
"Place Order","Ordem do lugar"
"Placing order ...","Ordem de colocação..."
"Please <a href=""%s"" target=""_blank"">click here</a> to see how to setup and retrieve API credentials.","Por favor <a href=""%s"" target=""_blank""> clique aqui</a> para ver como configurar e recuperar as credenciais do API."
"Please Select Application","Por favor, selecione o aplicativo"
"Please Select Device Type","Por favor, selecione o tipo de dispositivo"
"Please agree to all the terms and conditions before placing the order.","Por favor, concorde com todos os termos e condições antes de fazer a encomenda."
"Please create and save an application first.","Por favor, criar e salvar um pedido primeiro."
"Please enter ""App Title"".","Por favor introduza o ""Título de App""."
"Please enter a valid URL. Protocol is required (http://, https:// or ftp://)","Por favor introduza um URL válido. Protocolo é necessário (http://, https:// ou ftp: / /)"
"Please enter a valid date.","Por favor introduza uma data válida."
"Please enter a valid email address. For example johndoe@domain.com.","Por favor insira um endereço de email válido. Por exemplo, johndoe@domain.com."
"Please enter at least one email recipient","Por favor, insira pelo menos um destinatário de e-mail"
"Please enter issue number or start date for switch/solo card type.","Por favor insira o número de emissão ou data para tipo de switch/solo cartão de início."
"Please enter the Activation Key.","Por favor, introduza a chave de ativação."
"Please enter the Copyright.","Por favor insira os direitos autorais."
"Please enter the Description.","Por favor, digite a descrição."
"Please enter the Price.","Por favor, insira o preço."
"Please enter the Resubmission Key.","Por favor, introduza a chave de reenvio."
"Please enter the Title.","Por favor, digite o título."
"Please make sure your passwords match.","Por favor, certifique-se de que combinam suas senhas."
"Please save application first.","Por favor, salve o aplicativo primeiro."
"Please select an option.","Por favor, selecione uma opção."
"Please select at least one country.","Por favor, selecione pelo menos um país."
"Please select payment method to cover a quote","Por favor, selecione o método de pagamento para cobrir uma citação"
"Please set email","Por favor configure o e-mail"
"Please specify payment method","Por favor, especifique o método de pagamento"
"Please specify shipping method","Por favor, especifique o método de envio"
"Please upload  an image for ""App Background (landscape mode)"" field from Design Tab.","Favor enviar uma imagem para o campo ""Fundo de App (modo paisagem)"" do guia de Design."
"Please upload  an image for ""App Background (portrait mode)"" field from Design Tab.","Favor enviar uma imagem para o campo ""Fundo de App (modo retrato)"" do guia de Design."
"Please upload  an image for ""App Background"" field from Design Tab.","Por favor, upload de uma imagem para o campo ""Fundo de App"" do guia de Design."
"Please upload  an image for ""Banner on Home Screen (landscape mode)"" field from Design Tab.","Por favor, upload de uma imagem para ""Banner na tela inicial (modo paisagem)"" campo da guia Design."
"Please upload  an image for ""Banner on Home Screen (portrait mode)"" field from Design Tab.","Por favor, upload de uma imagem para ""Banner na tela inicial (modo retrato)"" campo da guia Design."
"Please upload  an image for ""Banner on Home Screen"" field from Design Tab.","Por favor, upload de uma imagem para o campo ""Banner na Home Screen"" do guia de Design."
"Please upload  an image for ""Logo in Header"" field from Design Tab.","Por favor, upload de uma imagem para o campo ""Logotipo no cabeçalho"" do guia de Design."
"Please use letters only (a-z or A-Z) in this field.","Por favor, use letras (a-z ou A-Z) neste campo."
"Please use numbers only in this field. Please avoid spaces or other characters such as dots or commas.","Por favor, use números somente neste campo. Por favor, Evite espaços ou outros caracteres, tais como pontos ou vírgulas."
"Please use only letters (a-z or A-Z) or numbers (0-9) only in this field. No spaces or other characters are allowed.","Por favor, use somente letras (a-z ou A-Z) ou números (0-9) somente neste campo. Sem espaços ou outros caracteres são permitidos."
"Please wait...",Aguarde...
"Please, specify gift card amount!","Por favor, especifique a quantidade de cartão presente!"
"Portrait app Background","Retrato app fundo"
"Portrait banners on Home Screen","Banners de retrato na tela inicial"
"Post data is empty.","Post dados estão vazios."
"Post this product to your wall","Postar este produto para sua parede"
"Posting to e-mails","Postando para e-mails"
"Preferred size: %spx x %spx.","Preferiu tamanho: %s px x %s px."
"Preset Theme","Tema predefinido"
Preview,Visualizar
Price,Preço
"Price Font Color","Preço cor da fonte"
"Price excluding tax","Preço sem imposto"
"Price including tax","Preço, incluindo impostos"
"Primary Color","Cor primária"
"Primary Font Color","Cor da fonte primária"
"Problem changing or sending password.","Problema alterando ou enviar senha."
"Proceed to Checkout","Avançar para Checkout"
Product,Produto
"Product Added to Cart","Produto adicionado ao carrinho"
"Product Added to Wishlist","Produto adicionado à lista de desejos"
"Product Gallery Updated","Galeria de produto atualizado"
"Product Name3 ","Produto Name3 "
"Product Name3 1","Produto Name3 1"
"Product Name3 2","Produto Name3 2"
"Product Options Updated","Opções de produto atualizadas"
"Product Removed From Wishlist","Produto removido da lista de desejos"
"Product Reviews Updated","Revisões do produto atualizados"
"Product SKU","Produto SKU"
"Product Updated","Produto atualizado"
"Product added","Produto adicionado"
"Product is out of stock","Produto está fora de estoque"
"Product is unavailable.","Produto não está disponível."
"Product only available on the website.","Produto disponível apenas no site."
"Product succesfully added to cart","Com sucesso de produto adicionado ao carrinho"
"Product was not specified.","Produto não foi especificado."
"Product(s) currently out of stock.","Produto (s) atualmente fora de estoque."
Products,Produtos
"Pull Down To Update..","Puxe-o para atualizar..."
"Purchase Order Number","Número de ordem de compra"
"Push Notification","Notificação de envio"
"Push Notifications allow you to send messages directly to the people who have installed your app on their device. Send messages to your full audience even when your app is closed. Push Notifications are one of the best ways to keep your app active by delivering valuable content directly to your customers. Learn more about Push Notifications - <a href=""%1$s"" target=""_blank"">%1$s</a>","Notificações push permite que você envie mensagens diretamente para as pessoas que instalaram o seu app no seu dispositivo. Envie mensagens ao seu público total, mesmo quando seu aplicativo é fechado. Notificações push são uma das melhores maneiras de manter seu aplicativo ativo entregando conteúdo valioso diretamente para seus clientes. Saiba mais sobre Push Notifications - <a href=""%1$s"" target=""_blank""> %1$ s</a>"
"Push Title","Empurre o título"
"Push message","Mensagem de envio"
"Push title","Empurre o título"
Qty,Qty
Qty:,Qty:
Quantity,Quantidade
Quantity:,Quantidade:
"Queue Date","Data de fila"
"Queue Message","Mensagem da fila"
"Queue does not exist.","Não existe fila."
"Queue is allowed only for applications with enabled Push Notification.","Fila é permitida somente para aplicativos com notificação Push habilitado."
"Quote instance is required.","Cito a instância é necessária."
"Quote item is not found.","Passo a citar o item não for encontrado."
"Range param doesn\'t recognized","Escala param doesn\ ' t reconhecido"
"Ratings and Reviews","Classificações e resenhas"
"Read the Terms and Conditions","Leia os termos e condições"
"Recent Activity","Atividade recente"
"Recipient Information","Informações do destinatário"
"Recommended size %spx x %spx.","Tamanho recomendado %s px x %s px."
"Recommended size: %spx x %spx at %s dpi.","Tamanho recomendado: %s px x %s px no %s dpi."
"Recommended size: %spx x %spx.","Tamanho recomendado: %s px x %s px."
Recover,Recuperar
Redeem,Resgatar
"Redeeming Gift Card %@","Redeeming Gift Card % @"
"Redemption functionality is disabled.","Funcionalidade de redenção está desabilitada."
Refunded,Reembolsado
Regions,Regiões
Register,Registre-se
"Registering cart ...","Registrando o carrinho..."
"Registering user ...","Registrar usuário..."
Regular,Regular
"Regular and confirmation passwords must be equal","Regular e confirmação de senhas devem ser iguais"
"Related Product Background Color","Relacionados com a cor de fundo do produto"
"Release To Update...","Liberação de atualização..."
Relevance,Relevância
"Remaining downloads","Restantes downloads"
Remove,Remover
"Remove Address...","Remova endereço..."
"Removing %@...","Removendo % @..."
"Removing Coupon...","Removendo o cupom..."
"Removing Gift Card...","Removendo o cartão de presente..."
"Removing Product from WishList...","Remover o produto da lista de desejos..."
"Removing Store Credit...","Remoção de crédito na loja..."
"Request param %s is missed","Solicitar param %s é perdida"
"Required size: %spx x %spx.","Tamanho necessário: %s px x %s px."
"Reset theme to default","Redefinir tema padrão"
"Resubmission Key","Chave de reenvio"
"Resubmit App","Reenviar o App"
"Resubmit App failure. %s","Reenvie falha de App. %s"
Results,Resultados
Revenue,Receitas
Revert,Reverter
"Revert Discount","Reverter o desconto"
Review,Revisão
"Rich Push allows you to create and send engaging experiences by adding HTML and other rich media components to your push notifications. Moving beyond alerts and badge updates, Rich Push takes users into the app while displaying content in a customizable WebKit view. Create branded messages that engage your users with new content and information, all without having to update your app. Learn more about Rich Push - <a href=""%1$s"" target=""_blank"">%1$s</a>","Rich Push permite que você crie e envie envolvente experiências adicionando HTML e outros componentes de mídia avançada para suas notificações push. Movendo-se além de alertas e atualizações do distintivo, Rich Push leva os usuários no app durante a exibição de conteúdo em uma exibição de WebKit personalizável. Criar marca mensagens que envolver os usuários com novos conteúdos e informações, tudo isso sem ter que atualizar seu app. saiba mais sobre Rich Push - <a href=""%1$s"" target=""_blank""> %1$ s</a>"
"SORT BY:","ORDENAR POR:"
Sample,Amostra
Samples,Amostras
Save,Salvar
"Save As","Salvar como"
"Save Theme","Salvar o tema"
"Save and Continue Edit","Salvar e continuar a editar"
"Save and Submit App","Salvar e enviar App"
"Save in address book","Salvar no catálogo de endereços"
"Saving Address...","Salvar o endereço..."
"Saving changes ...","Salvar as alterações..."
"Saving shipping address ...","Salvar o endereço de entrega..."
"Saving shipping methods ...","Salvando métodos do transporte..."
"Screen resolution is not supported","Não há suporte para a resolução da tela"
Screens:,Telas:
"Scroll Background Color","Cor de fundo de rolagem"
Search,Pesquisa
"Search Term","Termo de pesquisa"
"Search Updated","Busca atualizada"
"Searching for %@...","Procurando por % @..."
"Secondary Color","Cor secundária"
"Secondary Font Color","Cor da fonte secundária"
"See all","Ver todos"
"Select %@","Selecione % @"
"Select All","Selecionar tudo"
"Select Chart","Selecione o gráfico"
"Select Links","Selecionar Links"
"Select Options","Selecione opções"
"Select Payment Method","Selecione o método de pagamento"
"Select Range","Selecione escala"
"Select a","Selecione um"
"Select a Billing Address","Selecione um endereço de facturação"
"Select a Shipping Address","Selecione um endereço de entrega"
"Select from Address Book","Selecione catálogo de endereços"
"Select shipping method","Selecione o método de envio"
"Selected product is unavailable.","Produto selecionado não está disponível."
Send,Enviar
"Sender Information","Informações do remetente"
"Sending e-mail failed...","Envio de e-mail falhou..."
Set,Conjunto
Settings,Configurações
"Shake device to reset the filter","Agitar o dispositivo para redefinir o filtro"
Share,Compartilhar
"Share on LinkedIn","Compartilhar no LinkedIn"
"Share on Twitter","Compartilhar no Twitter"
"Ship method","Método de navio"
Shipped,Enviados
Shipping,Frete
"Shipping Address","Endereço de envio"
"Shipping Method","Método de envio"
"Shipping address","Endereço de envio"
"Shipping address has been set.","Endereço de envio foi definido."
"Shipping method","Método de envio"
"Shipping method has been set.","Método de envio foi definido."
"Shipping method is required","Método de envio é necessário"
"Shipping method successfully updated","Método atualizado com sucesso do transporte"
"Shipping to this address is not possible.","Frete para este endereço não é possível."
Shop,Loja
"Shop All","Loja tudo"
"Shop Updated","Loja atualizada"
"Shopping Cart","Carrinho de compras"
"Shopping cart is empty.","Carrinho de compras está vazio."
"Show Password","Mostrar a senha"
"Sign In",Entrar
"Signing In...","Assinatura em..."
"Signing Out ...",Assinatura...
"Sky Blue","Céu azul"
"Social Networking","Redes sociais"
"Some emails were not sent.","Alguns e-mails não foram enviados."
"Sorry, no quotes are available for this order at this time.","Desculpa, sem aspas estão disponíveis para esta ordem neste momento."
"Sorry, there are no items in this category.","Desculpe, que não existem itens nesta categoria."
Special,Especial
"Special Excl. Tax","Imposto especial excl."
"Special Incl. Tax","Especial imposto incl."
"Specific Countries","Países específicos"
"Specified address does not exist.","Endereço especificado não existe."
"Specified invalid app code.","Código do aplicativo inválido especificado."
"Specified invalid data.","Dados inválidos especificado."
"Specified item does not exist in wishlist.","Item especificado não existe na lista de desejos."
"Standard Checkout","Check-out padrão"
"Standard Checkout uses the checkout methods provided by Magento. Only inline payment methods are supported. (e.g PayPal Direct,  Authorize.Net, etc.)","Check-out padrão usa os métodos de verificação fornecidos pelo Magento. Apenas os métodos de pagamento interno são suportados. (por exemplo direto PayPal, Authorize.Net, etc.)"
"Start Date","Data de início"
"Start Date - Month","Data de início - mês"
"Start Date - Year","Data de início - ano"
"Starting At","Começando em"
"Starting At Excl. Tax","Iniciando no imposto excl."
"Starting At Incl. Tax","Iniciando no imposto incl."
"Starting at excl. tax","Iniciando no imposto excl."
"Starting at incl. tax","Iniciando no imposto incl."
State/Province,Estado/província
Status,Status
"Storage of offline cart on server failed. Please retry later","Armazenamento de carrinho offline no servidor falhou. Por favor, tente novamente mais tarde"
"Store Credit Info Updated","Informação de crédito de loja atualizada"
"Store Credit payment is not being used in your shopping cart.","Pagamento de crédito de loja não está sendo usado no seu carrinho de compras."
"Store View","Vista da loja"
"Store credit","Crédito na loja"
"Store logo that is displayed on copyright page of app.","Logotipo da loja que é exibido na página de direitos autorais do app."
"Store switcher hasn\'t been defined","Armazenar switcher hasn\ ' t sido definido"
"Street Address","Endereço rua"
"Street Address 2","Endereço de rua 2"
Subject:,Assunto:
Submission,Apresentação
"Submission Fields","Campos de apresentação"
"Submission History","História de submissão"
"Submit App","Submeter o App"
"Submit App ""%s""","Submete o App ""%s"""
"Submit App failure. %s","Apresenta falha de App. %s"
"Submit App failure. Invalid activation key provided","Apresenta falha de App. Chave de ativação inválido fornecido"
"Submit Review","Enviar comentário"
Submitted,Enviado
"Submitting Review...","Apresentação de revisão..."
Subtotal,Subtotal
"Subtotal (Excl. Tax)","Subtotal (excluindo impostos)"
"Subtotal (Incl. Tax)","Subtotal (incl. imposto)"
"Subtotal Excl. Tax","Subtotal fiscais excl."
"Subtotal Incl. Tax","Subtotal imposto incl."
"Subtotal excluding tax","Subtotal excluindo impostos"
"Subtotal incl. tax:","Imposto incl. subtotal:"
"Subtotal including tax","Subtotal incluindo IVA"
Subtotal:,Subtotal:
Success,Sucesso
"Successfully posted to Facebook","Postado com sucesso para o Facebook"
"Successfully posted to Linkedin","Postado com sucesso ao Linkedin"
"Summary of Your Review","Resumo de seu comentário"
"Swipe a product to reveal more options","Furto de um produto para revelar mais opções"
T-Shirts,T-shirts
Tabs,Guias
Tax,Fiscal
Telephone,Telefone
"Tell a Friend","Indique a um amigo"
"Tell a Friend is disabled.","Diga que um amigo está desabilitado."
"Tell a Friend link has been sent.","Indique um amigo link foi enviado."
Template,Modelo
"Template Content","Modelo de conteúdo"
"Template Name","Nome do modelo"
"Template does not exist.","Modelo não existe."
"Template for new AirMail Message does not exist.","Não existe um modelo para nova mensagem de correio aéreo."
"Template has been deleted.","Modelo foi excluído."
"Terms And Conditions","Termos e condições"
"Text length does not satisfy specified max text range.","Comprimento do texto não satisfaz o intervalo de texto máximo especificado."
"Text length does not satisfy specified min text range.","Comprimento do texto não satisfaz min especificado intervalo de texto."
"Thank you for registering!","Obrigado por se registar!"
"Thank you for your purchase! ","Obrigado por sua compra! "
"The %s field should be filled.","O %s campo deve ser preenchido."
"The Mailbox title will be shown in the More Info tab. To understand more about the title, please <a target=""_blank"" href=""http://www.magentocommerce.com/img/product/mobile/helpers/mail_box_title.png"">click here</a>","O título da caixa de correio será mostrado na aba de mais informação. Para entender mais sobre o título, por favor <a target=""_blank"" href=""http://www.magentocommerce.com/img/product/mobile/helpers/mail_box_title.png""> clique aqui</a>"
"The application is currently inactive.\nPlease try again later.","O aplicativo está atualmente inativo. \nPlease tente novamente mais tarde."
"The cart is empty","O carrinho está vazio"
"The custom amount value should be higher than 0.","O valor do montante personalizado deve ser maior que 0."
"The custom amount value should not be higher than %s.","O valor do montante personalizado não deve ser superior %s."
"The custom amount value should not be lower than %s.","O valor do montante personalizado não deve ser inferior a %s."
"The following email(s) are either mistyped or have incorrect format. Check them and try again:\n","A seguir email(s) também está digitado incorretamente ou tem formato incorreto. Verifique-os e tente novamente: \n"
"The icon that appears in the Android Market.","O ícone que aparece no Android Market."
"The length of the text in the %s field is too big. Please shorten the text.","O comprimento do texto na %s campo é muito grande. Por favor, encurte o texto."
"The max length of the field ""%@"" is %d!","O comprimento máximo do campo ""% @"" é %d!"
"The minimum password length is 6","O comprimento mínimo da senha é de 6"
"The server responded with invalid data.","O servidor respondeu com dados inválidos."
"The shortening service returned status code %d indicating a client side error.","O serviço de encurtamento retornou o código de status %d indicando um erro de lado do cliente."
"The shortening service returned status code %d indicating a server side error.","O serviço de encurtamento retornou o código de status %d indicando um erro do lado do servidor."
"The store credit payment has been removed from shopping cart.","O pagamento de crédito de loja foi removido do carrinho de compras."
"The value is too big!","O valor é muito grande!"
"The value should not be greater than %.2f!","O valor não deve ser maior do que %.2f!"
"The value should not be less than %.2f!","O valor não deve ser inferior a %.2f!"
"Theme configurations are successfully reset.","Configurações de tema são redefinidas com sucesso."
"Theme has been created.","Tema foi criado."
"Theme has been delete.","Tema tem sido excluir."
"Theme label can\'t be empty","Tema etiqueta can\ ' t ser vazio"
"Theme label:","Etiqueta de tema:"
"Theme name is not set.","Nome do tema não está definido."
"There are files that were selected but not uploaded yet. After switching to another tab your selections may be lost. Do you wish to continue ?","Existem arquivos que foram selecionados, mas não carregou ainda. Após a mudança para outra guia suas seleções podem ser perdidas. Você deseja continuar?"
"There are no items here","Não existem itens aqui"
"There are no items in your cart","Não existem itens no seu carrinho"
"There is an error in loading an app\'s configuration","Há um erro em carregar a configuração de um app\"
"There is an error in retrieving the data. Please try again later","Há um erro ao recuperar os dados. Por favor, tente novamente mais tarde"
"There is no addresses for this contact","Não há nenhum endereço para este contato"
"There is no store credit history!","Não há nenhum histórico de crédito de loja!"
"There were some problems with the data.","Houve alguns problemas com os dados."
"This email address was not found in our records.","Este endereço de e-mail não foi encontrado em nossos registros."
"This functionality disabled in offline mode","Esta funcionalidade desactivada no modo offline"
"This is a required field.","Este é um campo obrigatório."
"This product has no images.","Este produto tem sem imagens."
Title,Título
"Title bar","Barra de título"
To,Para
"To Excl. Tax","Para fiscais excl."
"To Incl. Tax","Imposto incl."
"To activate PayPal MEP payment method activate Express checkout first. ","Para activar o PayPal MEP método de pagamento ativar Express checkout primeiro. "
"To excl. tax","Para fiscais excl."
"To incl. tax","Imposto incl."
"To preview the newly uploaded images, please save your application first.","Para visualizar as imagens recém carregadas, por favor, salve seu aplicativo primeiro."
To:,Para:
"Token has not been set.","Token não foi definido."
"Too many recipients have been set.  Max amount of recipients is:","Foram criados muitos destinatários.  Montante máximo de destinatários é:"
"Top Search Terms","Termos de pesquisa"
Total,Total
"Total Order Amount","Montante total da encomenda"
"Total incl. Tax: %1$s","Total imposto incl.: %1$ s"
"Total incl. tax","Imposto total incl."
Totals,Totais
"Touch and hold a product to delete from shopping cart","Toque e segure um produto para excluir do carrinho de compras"
"Touch and hold a product to reveal more options","Toque e segure um produto para revelar mais opções"
"Try Again","Tentar novamente"
Twitter,Twitter
"Twitter API","Twitter API"
"Twitter API Key","Chave de API do Twitter"
"Twitter Authorization","Autorização de Twitter"
"Twitter Autorization","Autorização de Twitter"
"Twitter Secret Key","Chave secreta do Twitter"
"Twitter post failed...","Twitter post falhou..."
Type,Tipo
"Type and data is required","Tipo e dados é necessária"
URL,URL
"Unable to cancel Mobile Express Checkout.","Não é possível cancelar o Mobile Express Checkout."
"Unable to cancel queue.","Não é possível cancelar a fila."
"Unable to collect cart totals.","Não é possível coletar os totais de carrinho."
"Unable to delete queue.","Não é possível excluir a fila."
"Unable to find an app to delete.","Incapaz de encontrar um app para apagar."
"Unable to find template to delete.","Não é possível encontrar o modelo para excluir."
"Unable to get shipping methods list.","Não é possível obter lista de métodos de envio."
"Unable to initialize MEP Checkout.","Não é possível inicializar o Checkout do MEP."
"Unable to initialize PayPal Mobile Express Checkout.","Não é possível inicializar o PayPal Mobile Express Checkout."
"Unable to initialize express checkout review.","Não é possível inicializar a revisão de check-out expresso."
"Unable to initialize express checkout shipping method list.","Não é possível inicializar o check-out expresso lista método de envio."
"Unable to initialize return action.","Não é possível inicializar o retorno da ação."
"Unable to load addresses.","Não é possível carregar os endereços."
"Unable to load application form.","Não é possível carregar o formulário de candidatura."
"Unable to load banners.","Não é possível carregar bandeiras."
"Unable to load billing address form.","Não é possível carregar o formulário de endereço de faturamento."
"Unable to load billing address.","Não é possível carregar o endereço de cobrança."
"Unable to load categories.","Não é possível carregar categorias."
"Unable to load checkout.","Não é possível carregar o check-out."
"Unable to load localization.","Não é possível carregar a localização."
"Unable to load order list.","Não é possível carregar a lista da ordem."
"Unable to load order review.","Não é possível carregar a revisão da ordem."
"Unable to load product gallery.","Não é possível carregar a galeria do produto."
"Unable to load product info.","Não é possível carregar a informação do produto."
"Unable to load product options.","Não é possível carregar as opções de produto."
"Unable to load product review.","Não é possível carregar a revisão do produto."
"Unable to load product reviews.","Não é possível carregar o produto opiniões."
"Unable to load review form.","Não é possível carregar o formulário de avaliação."
"Unable to load search.","Não é possível carregar a busca."
"Unable to load shipping address form.","Não é possível carregar o formulário de envio endereço."
"Unable to place the order.","Não é possível fazer o pedido."
"Unable to post the review.","Não é possível postar o comentário."
"Unable to process preview.","Incapaz de processar a visualização."
"Unable to render a gift card account.","Não é possível processar uma conta de cartão de presente."
"Unable to render an order.","Não é possível processar uma ordem."
"Unable to render downloadable products.","Não é possível processar produtos para download."
"Unable to render the store credits.","Não é possível processar os créditos da loja."
"Unable to save app.","Não é possível salvar o app."
"Unable to save message.","Não é possível salvar a mensagem."
"Unable to save shipping address.","Não é possível salvar o endereço de entrega."
"Unable to save shipping method.","Não é possível salvar método de envio."
"Unable to save template.","Não é possível salvar o modelo."
"Unable to start MEP Checkout.","Não é possível iniciar o Checkout do MEP."
"Unable to start Mobile Express Checkout.","Não é possível iniciar o Mobile Express Checkout."
"Unable to update shipping method.","Não é possível atualizar o método de envio."
Undefined,Indefinido
"Unit Price","Preço unitário"
"Unit Price:","Preço unitário:"
"Unknown Error","Erro desconhecido"
"Unknown Error.","Erro desconhecido."
"Unknown Payment Bridge Error","Erro desconhecido pagamento ponte"
"Unknown error ocured. Please retry later","Ocured erro desconhecido. Por favor, tente novamente mais tarde"
"Unsupported character in path: ""%s""","Sem suporte a caracteres no caminho: ""%s"""
"Unsupported value type received","Tipo de valor sem suporte recebido"
"Update Comment Error","Erro de atualização de comentário"
"Update Preview","Atualizar visualização"
"Updating ...",Atualizando...
"Updating Cart...","Atualizando carrinho..."
"Upon receiving these credentials, please fill in the corresponding fields.","Ao receber essas credenciais, por favor preencha os campos correspondentes."
"Urban Airship Push Notification","Notificação de envio do dirigível urbano"
"Use Billing Address","Use o endereço de facturação"
"Use Store Credit (%s available)","Use o crédito na loja (%s disponível)"
"Use as my default billing address","Usar como meu padrão de endereço de cobrança"
"Use as my default shipping address","Usar como meu padrão de endereço de entrega"
"Use billing address for shipping","Use o endereço de cobrança para o transporte"
"User Name:","Nome de usuário:"
"User session is expired","Sessão de usuário expirou"
Version,Versão
"View Cart","Ver carrinho"
"View Details","Exibir detalhes"
"View Gallery","Ver galeria"
"View Wishlist","Ver lista de desejos"
"Warning: All related AirMail messages will be deleted!","Aviso: Todos os relacionados a mensagens de correio aéreo serão excluídas!"
"Website is offline","Site está offline"
"Website is offline.","Site está offline."
"WishList Updated","WishList atualizada"
"Wishlist has been cleared.","Wishlist foi liberada."
"Wishlist has been updated.","Wishlist foi atualizado."
"Wishlist has been updated. But there are accrued some errors while updating some items.","Wishlist foi atualizado. Mas existem vencidos alguns erros durante a atualização de alguns itens."
"Wishlist is empty.","Lista de desejos é vazia."
"Write a Review","Escrever um comentário"
"Write a review","Escrever um comentário"
"Wrong Ipad background image orientation has been specified: ""%s"".","Orientação de imagem de fundo Ipad errada foi especificada: ""%s""."
"Wrong PayPal Mobile Express Checkout Token specified.","Errado PayPal Mobile Express Checkout Token especificado."
"Wrong device type.","Tipo de dispositivo errado."
"Wrong email format","Formato de e-mail errado"
"Wrong or expired Gift Card Code.","Presente cartão código errado ou expirado."
"Wrong theme format.","Formato de tema errado."
YYYY,AAAA
Year,Ano
Yes,Sim
"You are already logged in.","Você já está logado."
"You are not logged in","Você não está logado"
"You can watch statistics here.","Você pode assistir as estatísticas aqui."
"You canceled your order. Touch ""Pay with PayPal"" to try again.","Você cancelou sua ordem. Toque em ""Pagar com PayPal"" para tentar novamente."
"You have entered an incorrect decimal value in the custom amount field. Provide a valid value.","Você digitou um valor decimal incorreto no campo quantidade personalizada. Fornece um valor válido."
"You have placed no orders.","Você não colocou nenhuma ordem."
"You have uncommitted actions. Commit?","Você tem ações não confirmadas. Comprometer-se?"
"You may also like","Você também pode gostar"
"You must login first","Você deve login primeiro"
"You must read and agree to the Terms and Conditions before placing your order.","Você deve ler e concordar com os termos e condições antes de colocar a sua encomenda."
"You need to enable PayPal Express Checkout first from the Payment configuration before enabling PayPal MECL.","Você precisa habilitar o PayPal Express Checkout antes da configuração do pagamento antes de habilitar o PayPal MECL."
"You will receive an order confirmation email with details of your order and a link to track its progress.","Você receberá um e-mail de confirmação de ordem com detalhes do seu pedido e um link para acompanhar o seu progresso."
"Your current balance is:","Seu saldo atual é:"
"Your order # is: %s. ","Sua ordem é #: %s. "
"Your order cannot be completed at this time as there is no payment methods available for it.","Seu pedido não pode ser concluído neste momento, como não há nenhum métodos de pagamento disponíveis para ele."
"Your order failed. Touch ""Pay with PayPal"" to try again.","Seu pedido falhou. Toque em ""Pagar com PayPal"" para tentar novamente."
"Your review has been accepted for moderation.","Seu comentário foi aceite para moderação."
"Your tweet has been sent. Thanks for sharing this product on Twitter","Seu tweet foi enviado. Obrigado por compartilhar este produto no Twitter"
"Zip/Postal Code","CEP/Código Postal"
"\'%s\' exceeds the allowed file size: %d (bytes)","\'%s \' excede o tamanho de arquivo permitidos: %d (bytes)"
"\'%s\' height exceeds allowed value of %d px","\'%s \' altura excede o valor permitido de %d px"
"\'%s\' is not a valid file extension. Allowed extensions: %s","\'%s \' não é uma extensão de arquivo válido. Permitido extensões: %s"
"\'%s\' width exceeds allowed value of %d px","\'%s \' largura excede o valor permitido de %d px"
and,e
"as Guest","como convidado"
each,cada
"field is required","campo é obrigatório"
iPad,iPad
iPhone,iPhone
"image_id is required","image_id é necessário"
"not set","Não definido"
required,Necessário
save,salvar
"ver. %s","Ver. %s"
